SK_Municipio,Regiao,UF,Municipio,NomeRegiao,UF_Municipio
1,CO,DF,BRASILIA,Centro-Oeste,BRASILIA / DF
2,CO,GO,AGUAS LINDAS DE GOIAS,Centro-Oeste,AGUAS LINDAS DE GOIAS / GO
3,CO,GO,ANAPOLIS,Centro-Oeste,ANAPOLIS / GO
4,CO,GO,APARECIDA DE GOIANIA,Centro-Oeste,APARECIDA DE GOIANIA / GO
5,CO,GO,CALDAS NOVAS,Centro-Oeste,CALDAS NOVAS / GO
6,CO,GO,CATALAO,Centro-Oeste,CATALAO / GO
7,CO,GO,FORMOSA,Centro-Oeste,FORMOSA / GO
8,CO,GO,GOIANIA,Centro-Oeste,GOIANIA / GO
9,CO,GO,GOIATUBA,Centro-Oeste,GOIATUBA / GO
10,CO,GO,ITUMBIARA,Centro-Oeste,ITUMBIARA / GO
11,CO,GO,LUZIANIA,Centro-Oeste,LUZIANIA / GO
12,CO,GO,MINEIROS,Centro-Oeste,MINEIROS / GO
13,CO,GO,MORRINHOS,Centro-Oeste,MORRINHOS / GO
14,CO,GO,PORANGATU,Centro-Oeste,PORANGATU / GO
15,CO,GO,RIO VERDE,Centro-Oeste,RIO VERDE / GO
16,CO,GO,TRINDADE,Centro-Oeste,TRINDADE / GO
17,CO,GO,VALPARAISO DE GOIAS,Centro-Oeste,VALPARAISO DE GOIAS / GO
18,CO,MS,CAMPO GRANDE,Centro-Oeste,CAMPO GRANDE / MS
19,CO,MS,CORUMBA,Centro-Oeste,CORUMBA / MS
20,CO,MS,DOURADOS,Centro-Oeste,DOURADOS / MS
21,CO,MS,PONTA PORA,Centro-Oeste,PONTA PORA / MS
22,CO,MS,TRES LAGOAS,Centro-Oeste,TRES LAGOAS / MS
23,CO,MT,ALTA FLORESTA,Centro-Oeste,ALTA FLORESTA / MT
24,CO,MT,CACERES,Centro-Oeste,CACERES / MT
25,CO,MT,CUIABA,Centro-Oeste,CUIABA / MT
26,CO,MT,RONDONOPOLIS,Centro-Oeste,RONDONOPOLIS / MT
27,CO,MT,SINOP,Centro-Oeste,SINOP / MT
28,CO,MT,SORRISO,Centro-Oeste,SORRISO / MT
29,CO,MT,VARZEA GRANDE,Centro-Oeste,VARZEA GRANDE / MT
30,N,AC,CRUZEIRO DO SUL,Norte,CRUZEIRO DO SUL / AC
31,N,AC,RIO BRANCO,Norte,RIO BRANCO / AC
32,N,AM,MANACAPURU,Norte,MANACAPURU / AM
33,N,AM,MANAUS,Norte,MANAUS / AM
34,N,AM,PARINTINS,Norte,PARINTINS / AM
35,N,AP,MACAPA,Norte,MACAPA / AP
36,N,AP,SANTANA,Norte,SANTANA / AP
37,N,PA,ABAETETUBA,Norte,ABAETETUBA / PA
38,N,PA,ALENQUER,Norte,ALENQUER / PA
39,N,PA,ALTAMIRA,Norte,ALTAMIRA / PA
40,N,PA,ANANINDEUA,Norte,ANANINDEUA / PA
41,N,PA,BELEM,Norte,BELEM / PA
42,N,PA,BRAGANCA,Norte,BRAGANCA / PA
43,N,PA,CASTANHAL,Norte,CASTANHAL / PA
44,N,PA,CONCEICAO DO ARAGUAIA,Norte,CONCEICAO DO ARAGUAIA / PA
45,N,PA,MARABA,Norte,MARABA / PA
46,N,PA,PARAGOMINAS,Norte,PARAGOMINAS / PA
47,N,PA,PARAUAPEBAS,Norte,PARAUAPEBAS / PA
48,N,PA,SANTAREM,Norte,SANTAREM / PA
49,N,RO,ARIQUEMES,Norte,ARIQUEMES / RO
50,N,RO,CACOAL,Norte,CACOAL / RO
51,N,RO,JI-PARANA,Norte,JI-PARANA / RO
52,N,RO,PIMENTA BUENO,Norte,PIMENTA BUENO / RO
53,N,RO,PORTO VELHO,Norte,PORTO VELHO / RO
54,N,RO,VILHENA,Norte,VILHENA / RO
55,N,RR,BOA VISTA,Norte,BOA VISTA / RR
56,N,TO,ARAGUAINA,Norte,ARAGUAINA / TO
57,N,TO,GURUPI,Norte,GURUPI / TO
58,N,TO,PALMAS,Norte,PALMAS / TO
59,N,TO,PARAISO DO TOCANTINS,Norte,PARAISO DO TOCANTINS / TO
60,N,TO,PORTO NACIONAL,Norte,PORTO NACIONAL / TO
61,NE,AL,ARAPIRACA,Nordeste,ARAPIRACA / AL
62,NE,AL,DELMIRO GOUVEIA,Nordeste,DELMIRO GOUVEIA / AL
63,NE,AL,MACEIO,Nordeste,MACEIO / AL
64,NE,AL,PALMEIRA DOS INDIOS,Nordeste,PALMEIRA DOS INDIOS / AL
65,NE,AL,RIO LARGO,Nordeste,RIO LARGO / AL
66,NE,BA,ALAGOINHAS,Nordeste,ALAGOINHAS / BA
67,NE,BA,BARREIRAS,Nordeste,BARREIRAS / BA
68,NE,BA,BRUMADO,Nordeste,BRUMADO / BA
69,NE,BA,CAETITE,Nordeste,CAETITE / BA
70,NE,BA,EUNAPOLIS,Nordeste,EUNAPOLIS / BA
71,NE,BA,FEIRA DE SANTANA,Nordeste,FEIRA DE SANTANA / BA
72,NE,BA,GAVIAO,Nordeste,GAVIAO / BA
73,NE,BA,GUANAMBI,Nordeste,GUANAMBI / BA
74,NE,BA,ILHEUS,Nordeste,ILHEUS / BA
75,NE,BA,IPIRA,Nordeste,IPIRA / BA
76,NE,BA,IRECE,Nordeste,IRECE / BA
77,NE,BA,ITABUNA,Nordeste,ITABUNA / BA
78,NE,BA,ITAMARAJU,Nordeste,ITAMARAJU / BA
79,NE,BA,JACOBINA,Nordeste,JACOBINA / BA
80,NE,BA,JAGUAQUARA,Nordeste,JAGUAQUARA / BA
81,NE,BA,JEQUIE,Nordeste,JEQUIE / BA
82,NE,BA,JUAZEIRO,Nordeste,JUAZEIRO / BA
83,NE,BA,LIVRAMENTO DE NOSSA SENHORA,Nordeste,LIVRAMENTO DE NOSSA SENHORA / BA
84,NE,BA,PAULO AFONSO,Nordeste,PAULO AFONSO / BA
85,NE,BA,POCOES,Nordeste,POCOES / BA
86,NE,BA,PORTO SEGURO,Nordeste,PORTO SEGURO / BA
87,NE,BA,SALVADOR,Nordeste,SALVADOR / BA
88,NE,BA,SANTO ANTONIO DE JESUS,Nordeste,SANTO ANTONIO DE JESUS / BA
89,NE,BA,SENHOR DO BONFIM,Nordeste,SENHOR DO BONFIM / BA
90,NE,BA,SERRINHA,Nordeste,SERRINHA / BA
91,NE,BA,TEIXEIRA DE FREITAS,Nordeste,TEIXEIRA DE FREITAS / BA
92,NE,BA,VALENCA,Nordeste,VALENCA / BA
93,NE,BA,VITORIA DA CONQUISTA,Nordeste,VITORIA DA CONQUISTA / BA
94,NE,CE,CANINDE,Nordeste,CANINDE / CE
95,NE,CE,CAUCAIA,Nordeste,CAUCAIA / CE
96,NE,CE,CRATEUS,Nordeste,CRATEUS / CE
97,NE,CE,FORTALEZA,Nordeste,FORTALEZA / CE
98,NE,CE,ICO,Nordeste,ICO / CE
99,NE,CE,IGUATU,Nordeste,IGUATU / CE
100,NE,CE,ITAPIPOCA,Nordeste,ITAPIPOCA / CE
101,NE,CE,JUAZEIRO DO NORTE,Nordeste,JUAZEIRO DO NORTE / CE
102,NE,CE,LIMOEIRO DO NORTE,Nordeste,LIMOEIRO DO NORTE / CE
103,NE,CE,QUIXADA,Nordeste,QUIXADA / CE
104,NE,CE,SOBRAL,Nordeste,SOBRAL / CE
105,NE,MA,ACAILANDIA,Nordeste,ACAILANDIA / MA
106,NE,MA,AMARANTE DO MARANHAO,Nordeste,AMARANTE DO MARANHAO / MA
107,NE,MA,BACABAL,Nordeste,BACABAL / MA
108,NE,MA,BALSAS,Nordeste,BALSAS / MA
109,NE,MA,BARRA DO CORDA,Nordeste,BARRA DO CORDA / MA
110,NE,MA,CODO,Nordeste,CODO / MA
111,NE,MA,IMPERATRIZ,Nordeste,IMPERATRIZ / MA
112,NE,MA,PINHEIRO,Nordeste,PINHEIRO / MA
113,NE,MA,PRESIDENTE DUTRA,Nordeste,PRESIDENTE DUTRA / MA
114,NE,MA,SAO JOSE DE RIBAMAR,Nordeste,SAO JOSE DE RIBAMAR / MA
115,NE,MA,SAO LUIS,Nordeste,SAO LUIS / MA
116,NE,PB,BAYEUX,Nordeste,BAYEUX / PB
117,NE,PB,CABEDELO,Nordeste,CABEDELO / PB
118,NE,PB,CAMPINA GRANDE,Nordeste,CAMPINA GRANDE / PB
119,NE,PB,JOAO PESSOA,Nordeste,JOAO PESSOA / PB
120,NE,PB,PATOS,Nordeste,PATOS / PB
121,NE,PB,SOUSA,Nordeste,SOUSA / PB
122,NE,PE,ARARIPINA,Nordeste,ARARIPINA / PE
123,NE,PE,ARCOVERDE,Nordeste,ARCOVERDE / PE
124,NE,PE,BELO JARDIM,Nordeste,BELO JARDIM / PE
125,NE,PE,CABO DE SANTO AGOSTINHO,Nordeste,CABO DE SANTO AGOSTINHO / PE
126,NE,PE,CARUARU,Nordeste,CARUARU / PE
127,NE,PE,GARANHUNS,Nordeste,GARANHUNS / PE
128,NE,PE,GOIANA,Nordeste,GOIANA / PE
129,NE,PE,IGARASSU,Nordeste,IGARASSU / PE
130,NE,PE,JABOATAO DOS GUARARAPES,Nordeste,JABOATAO DOS GUARARAPES / PE
131,NE,PE,LAJEDO,Nordeste,LAJEDO / PE
132,NE,PE,OLINDA,Nordeste,OLINDA / PE
133,NE,PE,PAULISTA,Nordeste,PAULISTA / PE
134,NE,PE,PETROLINA,Nordeste,PETROLINA / PE
135,NE,PE,RECIFE,Nordeste,RECIFE / PE
136,NE,PE,SALGUEIRO,Nordeste,SALGUEIRO / PE
137,NE,PE,SANTA CRUZ DO CAPIBARIBE,Nordeste,SANTA CRUZ DO CAPIBARIBE / PE
138,NE,PE,SERRA TALHADA,Nordeste,SERRA TALHADA / PE
139,NE,PE,VITORIA DE SANTO ANTAO,Nordeste,VITORIA DE SANTO ANTAO / PE
140,NE,PI,PARNAIBA,Nordeste,PARNAIBA / PI
141,NE,PI,PICOS,Nordeste,PICOS / PI
142,NE,PI,PIRIPIRI,Nordeste,PIRIPIRI / PI
143,NE,PI,TERESINA,Nordeste,TERESINA / PI
144,NE,RN,CAICO,Nordeste,CAICO / RN
145,NE,RN,MOSSORO,Nordeste,MOSSORO / RN
146,NE,RN,NATAL,Nordeste,NATAL / RN
147,NE,RN,PARNAMIRIM,Nordeste,PARNAMIRIM / RN
148,NE,SE,ARACAJU,Nordeste,ARACAJU / SE
149,NE,SE,ITABAIANA,Nordeste,ITABAIANA / SE
150,NE,SE,LAGARTO,Nordeste,LAGARTO / SE
151,NE,SE,NOSSA SENHORA DO SOCORRO,Nordeste,NOSSA SENHORA DO SOCORRO / SE
152,S,PR,APUCARANA,Sul,APUCARANA / PR
153,S,PR,ARAPONGAS,Sul,ARAPONGAS / PR
154,S,PR,ARAUCARIA,Sul,ARAUCARIA / PR
155,S,PR,CAMBE,Sul,CAMBE / PR
156,S,PR,CAMPO LARGO,Sul,CAMPO LARGO / PR
157,S,PR,CAMPO MOURAO,Sul,CAMPO MOURAO / PR
158,S,PR,CASCAVEL,Sul,CASCAVEL / PR
159,S,PR,CASTRO,Sul,CASTRO / PR
160,S,PR,CIANORTE,Sul,CIANORTE / PR
161,S,PR,COLOMBO,Sul,COLOMBO / PR
162,S,PR,CORNELIO PROCOPIO,Sul,CORNELIO PROCOPIO / PR
163,S,PR,CURITIBA,Sul,CURITIBA / PR
164,S,PR,FOZ DO IGUACU,Sul,FOZ DO IGUACU / PR
165,S,PR,FRANCISCO BELTRAO,Sul,FRANCISCO BELTRAO / PR
166,S,PR,GUARAPUAVA,Sul,GUARAPUAVA / PR
167,S,PR,LONDRINA,Sul,LONDRINA / PR
168,S,PR,MARINGA,Sul,MARINGA / PR
169,S,PR,PARANAGUA,Sul,PARANAGUA / PR
170,S,PR,PARANAVAI,Sul,PARANAVAI / PR
171,S,PR,PATO BRANCO,Sul,PATO BRANCO / PR
172,S,PR,PONTA GROSSA,Sul,PONTA GROSSA / PR
173,S,PR,SANTO ANTONIO DA PLATINA,Sul,SANTO ANTONIO DA PLATINA / PR
174,S,PR,SAO JOSE DOS PINHAIS,Sul,SAO JOSE DOS PINHAIS / PR
175,S,PR,TOLEDO,Sul,TOLEDO / PR
176,S,PR,UMUARAMA,Sul,UMUARAMA / PR
177,S,PR,UNIAO DA VITORIA,Sul,UNIAO DA VITORIA / PR
178,S,RS,ALEGRETE,Sul,ALEGRETE / RS
179,S,RS,ALVORADA,Sul,ALVORADA / RS
180,S,RS,BAGE,Sul,BAGE / RS
181,S,RS,BENTO GONCALVES,Sul,BENTO GONCALVES / RS
182,S,RS,CACHOEIRA DO SUL,Sul,CACHOEIRA DO SUL / RS
183,S,RS,CACHOEIRINHA,Sul,CACHOEIRINHA / RS
184,S,RS,CANOAS,Sul,CANOAS / RS
185,S,RS,CAXIAS DO SUL,Sul,CAXIAS DO SUL / RS
186,S,RS,CRUZ ALTA,Sul,CRUZ ALTA / RS
187,S,RS,ERECHIM,Sul,ERECHIM / RS
188,S,RS,ESTEIO,Sul,ESTEIO / RS
189,S,RS,GRAMADO,Sul,GRAMADO / RS
190,S,RS,GRAVATAI,Sul,GRAVATAI / RS
191,S,RS,GUAIBA,Sul,GUAIBA / RS
192,S,RS,IJUI,Sul,IJUI / RS
193,S,RS,LAJEADO,Sul,LAJEADO / RS
194,S,RS,NOVO HAMBURGO,Sul,NOVO HAMBURGO / RS
195,S,RS,OSORIO,Sul,OSORIO / RS
196,S,RS,PASSO FUNDO,Sul,PASSO FUNDO / RS
197,S,RS,PELOTAS,Sul,PELOTAS / RS
198,S,RS,PORTO ALEGRE,Sul,PORTO ALEGRE / RS
199,S,RS,SANTA CRUZ DO SUL,Sul,SANTA CRUZ DO SUL / RS
200,S,RS,SANTA MARIA,Sul,SANTA MARIA / RS
201,S,RS,SANTA ROSA,Sul,SANTA ROSA / RS
202,S,RS,SANTANA DO LIVRAMENTO,Sul,SANTANA DO LIVRAMENTO / RS
203,S,RS,SANTO ANGELO,Sul,SANTO ANGELO / RS
204,S,RS,SAO GABRIEL,Sul,SAO GABRIEL / RS
205,S,RS,SAO LEOPOLDO,Sul,SAO LEOPOLDO / RS
206,S,RS,SAO LUIZ GONZAGA,Sul,SAO LUIZ GONZAGA / RS
207,S,RS,SAPIRANGA,Sul,SAPIRANGA / RS
208,S,RS,SAPUCAIA DO SUL,Sul,SAPUCAIA DO SUL / RS
209,S,RS,TORRES,Sul,TORRES / RS
210,S,RS,URUGUAIANA,Sul,URUGUAIANA / RS
211,S,RS,VACARIA,Sul,VACARIA / RS
212,S,RS,VIAMAO,Sul,VIAMAO / RS
213,S,SC,ARARANGUA,Sul,ARARANGUA / SC
214,S,SC,BLUMENAU,Sul,BLUMENAU / SC
215,S,SC,BRUSQUE,Sul,BRUSQUE / SC
216,S,SC,CACADOR,Sul,CACADOR / SC
217,S,SC,CHAPECO,Sul,CHAPECO / SC
218,S,SC,CONCORDIA,Sul,CONCORDIA / SC
219,S,SC,CRICIUMA,Sul,CRICIUMA / SC
220,S,SC,FLORIANOPOLIS,Sul,FLORIANOPOLIS / SC
221,S,SC,ITAJAI,Sul,ITAJAI / SC
222,S,SC,JOINVILLE,Sul,JOINVILLE / SC
223,S,SC,LAGUNA,Sul,LAGUNA / SC
224,S,SC,MAFRA,Sul,MAFRA / SC
225,S,SC,SAO JOSE,Sul,SAO JOSE / SC
226,S,SC,TUBARAO,Sul,TUBARAO / SC
227,S,SC,VIDEIRA,Sul,VIDEIRA / SC
228,S,SC,XANXERE,Sul,XANXERE / SC
229,SE,ES,ARACRUZ,Sudeste,ARACRUZ / ES
230,SE,ES,CACHOEIRO DE ITAPEMIRIM,Sudeste,CACHOEIRO DE ITAPEMIRIM / ES
231,SE,ES,CARIACICA,Sudeste,CARIACICA / ES
232,SE,ES,COLATINA,Sudeste,COLATINA / ES
233,SE,ES,GUARAPARI,Sudeste,GUARAPARI / ES
234,SE,ES,LINHARES,Sudeste,LINHARES / ES
235,SE,ES,SAO MATEUS,Sudeste,SAO MATEUS / ES
236,SE,ES,SERRA,Sudeste,SERRA / ES
237,SE,ES,VILA VELHA,Sudeste,VILA VELHA / ES
238,SE,ES,VITORIA,Sudeste,VITORIA / ES
239,SE,MG,ALFENAS,Sudeste,ALFENAS / MG
240,SE,MG,ARAGUARI,Sudeste,ARAGUARI / MG
241,SE,MG,ARAXA,Sudeste,ARAXA / MG
242,SE,MG,BARBACENA,Sudeste,BARBACENA / MG
243,SE,MG,BELO HORIZONTE,Sudeste,BELO HORIZONTE / MG
244,SE,MG,BETIM,Sudeste,BETIM / MG
245,SE,MG,BOM DESPACHO,Sudeste,BOM DESPACHO / MG
246,SE,MG,CAMPO BELO,Sudeste,CAMPO BELO / MG
247,SE,MG,CARATINGA,Sudeste,CARATINGA / MG
248,SE,MG,CONGONHAS,Sudeste,CONGONHAS / MG
249,SE,MG,CONSELHEIRO LAFAIETE,Sudeste,CONSELHEIRO LAFAIETE / MG
250,SE,MG,CONTAGEM,Sudeste,CONTAGEM / MG
251,SE,MG,CORONEL FABRICIANO,Sudeste,CORONEL FABRICIANO / MG
252,SE,MG,CURVELO,Sudeste,CURVELO / MG
253,SE,MG,DIVINOPOLIS,Sudeste,DIVINOPOLIS / MG
254,SE,MG,FORMIGA,Sudeste,FORMIGA / MG
255,SE,MG,FRUTAL,Sudeste,FRUTAL / MG
256,SE,MG,GOVERNADOR VALADARES,Sudeste,GOVERNADOR VALADARES / MG
257,SE,MG,GUAXUPE,Sudeste,GUAXUPE / MG
258,SE,MG,IPATINGA,Sudeste,IPATINGA / MG
259,SE,MG,ITAJUBA,Sudeste,ITAJUBA / MG
260,SE,MG,ITAUNA,Sudeste,ITAUNA / MG
261,SE,MG,ITUIUTABA,Sudeste,ITUIUTABA / MG
262,SE,MG,JANAUBA,Sudeste,JANAUBA / MG
263,SE,MG,JANUARIA,Sudeste,JANUARIA / MG
264,SE,MG,JOAO MONLEVADE,Sudeste,JOAO MONLEVADE / MG
265,SE,MG,JOAO PINHEIRO,Sudeste,JOAO PINHEIRO / MG
266,SE,MG,JUIZ DE FORA,Sudeste,JUIZ DE FORA / MG
267,SE,MG,LAVRAS,Sudeste,LAVRAS / MG
268,SE,MG,LEOPOLDINA,Sudeste,LEOPOLDINA / MG
269,SE,MG,MONTE CARMELO,Sudeste,MONTE CARMELO / MG
270,SE,MG,MONTES CLAROS,Sudeste,MONTES CLAROS / MG
271,SE,MG,MURIAE,Sudeste,MURIAE / MG
272,SE,MG,NOVA LIMA,Sudeste,NOVA LIMA / MG
273,SE,MG,OLIVEIRA,Sudeste,OLIVEIRA / MG
274,SE,MG,OURO PRETO,Sudeste,OURO PRETO / MG
275,SE,MG,PARA DE MINAS,Sudeste,PARA DE MINAS / MG
276,SE,MG,PARACATU,Sudeste,PARACATU / MG
277,SE,MG,PASSOS,Sudeste,PASSOS / MG
278,SE,MG,PATROCINIO,Sudeste,PATROCINIO / MG
279,SE,MG,POCOS DE CALDAS,Sudeste,POCOS DE CALDAS / MG
280,SE,MG,SABARA,Sudeste,SABARA / MG
281,SE,MG,SAO JOAO DEL REI,Sudeste,SAO JOAO DEL REI / MG
282,SE,MG,SAO SEBASTIAO DO PARAISO,Sudeste,SAO SEBASTIAO DO PARAISO / MG
283,SE,MG,SETE LAGOAS,Sudeste,SETE LAGOAS / MG
284,SE,MG,TEOFILO OTONI,Sudeste,TEOFILO OTONI / MG
285,SE,MG,TIMOTEO,Sudeste,TIMOTEO / MG
286,SE,MG,TRES CORACOES,Sudeste,TRES CORACOES / MG
287,SE,MG,UBA,Sudeste,UBA / MG
288,SE,MG,UBERABA,Sudeste,UBERABA / MG
289,SE,MG,UBERLANDIA,Sudeste,UBERLANDIA / MG
290,SE,MG,UNAI,Sudeste,UNAI / MG
291,SE,MG,VARGINHA,Sudeste,VARGINHA / MG
292,SE,MG,VICOSA,Sudeste,VICOSA / MG
293,SE,RJ,ANGRA DOS REIS,Sudeste,ANGRA DOS REIS / RJ
294,SE,RJ,ARARUAMA,Sudeste,ARARUAMA / RJ
295,SE,RJ,BARRA DO PIRAI,Sudeste,BARRA DO PIRAI / RJ
296,SE,RJ,BARRA MANSA,Sudeste,BARRA MANSA / RJ
297,SE,RJ,BELFORD ROXO,Sudeste,BELFORD ROXO / RJ
298,SE,RJ,CABO FRIO,Sudeste,CABO FRIO / RJ
299,SE,RJ,CAMPOS DOS GOYTACAZES,Sudeste,CAMPOS DOS GOYTACAZES / RJ
300,SE,RJ,DUQUE DE CAXIAS,Sudeste,DUQUE DE CAXIAS / RJ
301,SE,RJ,ITABORAI,Sudeste,ITABORAI / RJ
302,SE,RJ,ITAPERUNA,Sudeste,ITAPERUNA / RJ
303,SE,RJ,MACAE,Sudeste,MACAE / RJ
304,SE,RJ,MARICA,Sudeste,MARICA / RJ
305,SE,RJ,NILOPOLIS,Sudeste,NILOPOLIS / RJ
306,SE,RJ,NITEROI,Sudeste,NITEROI / RJ
307,SE,RJ,NOVA FRIBURGO,Sudeste,NOVA FRIBURGO / RJ
308,SE,RJ,NOVA IGUACU,Sudeste,NOVA IGUACU / RJ
309,SE,RJ,PETROPOLIS,Sudeste,PETROPOLIS / RJ
310,SE,RJ,RESENDE,Sudeste,RESENDE / RJ
311,SE,RJ,RIO BONITO,Sudeste,RIO BONITO / RJ
312,SE,RJ,RIO DE JANEIRO,Sudeste,RIO DE JANEIRO / RJ
313,SE,RJ,SANTO ANTONIO DE PADUA,Sudeste,SANTO ANTONIO DE PADUA / RJ
314,SE,RJ,SAO GONCALO,Sudeste,SAO GONCALO / RJ
315,SE,RJ,SAO JOAO DE MERITI,Sudeste,SAO JOAO DE MERITI / RJ
316,SE,RJ,SAQUAREMA,Sudeste,SAQUAREMA / RJ
317,SE,RJ,TRES RIOS,Sudeste,TRES RIOS / RJ
318,SE,RJ,VALENCA,Sudeste,VALENCA / RJ
319,SE,RJ,VOLTA REDONDA,Sudeste,VOLTA REDONDA / RJ
320,SE,SP,ADAMANTINA,Sudeste,ADAMANTINA / SP
321,SE,SP,AMERICANA,Sudeste,AMERICANA / SP
322,SE,SP,ARACATUBA,Sudeste,ARACATUBA / SP
323,SE,SP,ARARAQUARA,Sudeste,ARARAQUARA / SP
324,SE,SP,ARARAS,Sudeste,ARARAS / SP
325,SE,SP,ASSIS,Sudeste,ASSIS / SP
326,SE,SP,ATIBAIA,Sudeste,ATIBAIA / SP
327,SE,SP,AVARE,Sudeste,AVARE / SP
328,SE,SP,BARRETOS,Sudeste,BARRETOS / SP
329,SE,SP,BARUERI,Sudeste,BARUERI / SP
330,SE,SP,BAURU,Sudeste,BAURU / SP
331,SE,SP,BEBEDOURO,Sudeste,BEBEDOURO / SP
332,SE,SP,BIRIGUI,Sudeste,BIRIGUI / SP
333,SE,SP,BOTUCATU,Sudeste,BOTUCATU / SP
334,SE,SP,BRAGANCA PAULISTA,Sudeste,BRAGANCA PAULISTA / SP
335,SE,SP,CACAPAVA,Sudeste,CACAPAVA / SP
336,SE,SP,CAMPINAS,Sudeste,CAMPINAS / SP
337,SE,SP,CARAGUATATUBA,Sudeste,CARAGUATATUBA / SP
338,SE,SP,CARAPICUIBA,Sudeste,CARAPICUIBA / SP
339,SE,SP,CATANDUVA,Sudeste,CATANDUVA / SP
340,SE,SP,COSMOPOLIS,Sudeste,COSMOPOLIS / SP
341,SE,SP,COTIA,Sudeste,COTIA / SP
342,SE,SP,CRUZEIRO,Sudeste,CRUZEIRO / SP
343,SE,SP,CUBATAO,Sudeste,CUBATAO / SP
344,SE,SP,DIADEMA,Sudeste,DIADEMA / SP
345,SE,SP,EMBU DAS ARTES,Sudeste,EMBU DAS ARTES / SP
346,SE,SP,FRANCA,Sudeste,FRANCA / SP
347,SE,SP,GARCA,Sudeste,GARCA / SP
348,SE,SP,GUARATINGUETA,Sudeste,GUARATINGUETA / SP
349,SE,SP,GUARUJA,Sudeste,GUARUJA / SP
350,SE,SP,GUARULHOS,Sudeste,GUARULHOS / SP
351,SE,SP,HORTOLANDIA,Sudeste,HORTOLANDIA / SP
352,SE,SP,IBITINGA,Sudeste,IBITINGA / SP
353,SE,SP,INDAIATUBA,Sudeste,INDAIATUBA / SP
354,SE,SP,ITANHAEM,Sudeste,ITANHAEM / SP
355,SE,SP,ITAPECERICA DA SERRA,Sudeste,ITAPECERICA DA SERRA / SP
356,SE,SP,ITAPETININGA,Sudeste,ITAPETININGA / SP
357,SE,SP,ITAPEVA,Sudeste,ITAPEVA / SP
358,SE,SP,ITAPIRA,Sudeste,ITAPIRA / SP
359,SE,SP,ITAPOLIS,Sudeste,ITAPOLIS / SP
360,SE,SP,ITAQUAQUECETUBA,Sudeste,ITAQUAQUECETUBA / SP
361,SE,SP,ITATIBA,Sudeste,ITATIBA / SP
362,SE,SP,ITU,Sudeste,ITU / SP
363,SE,SP,JABOTICABAL,Sudeste,JABOTICABAL / SP
364,SE,SP,JACAREI,Sudeste,JACAREI / SP
365,SE,SP,JALES,Sudeste,JALES / SP
366,SE,SP,JAU,Sudeste,JAU / SP
367,SE,SP,JOSE BONIFACIO,Sudeste,JOSE BONIFACIO / SP
368,SE,SP,JUNDIAI,Sudeste,JUNDIAI / SP
369,SE,SP,LEME,Sudeste,LEME / SP
370,SE,SP,LIMEIRA,Sudeste,LIMEIRA / SP
371,SE,SP,LINS,Sudeste,LINS / SP
372,SE,SP,LORENA,Sudeste,LORENA / SP
373,SE,SP,MARILIA,Sudeste,MARILIA / SP
374,SE,SP,MATAO,Sudeste,MATAO / SP
375,SE,SP,MAUA,Sudeste,MAUA / SP
376,SE,SP,MOCOCA,Sudeste,MOCOCA / SP
377,SE,SP,MOGI DAS CRUZES,Sudeste,MOGI DAS CRUZES / SP
378,SE,SP,MOGI GUACU,Sudeste,MOGI GUACU / SP
379,SE,SP,MOGI MIRIM,Sudeste,MOGI MIRIM / SP
380,SE,SP,MONTE ALTO,Sudeste,MONTE ALTO / SP
381,SE,SP,OLIMPIA,Sudeste,OLIMPIA / SP
382,SE,SP,OSASCO,Sudeste,OSASCO / SP
383,SE,SP,OURINHOS,Sudeste,OURINHOS / SP
384,SE,SP,PARAGUACU PAULISTA,Sudeste,PARAGUACU PAULISTA / SP
385,SE,SP,PAULINIA,Sudeste,PAULINIA / SP
386,SE,SP,PIRACICABA,Sudeste,PIRACICABA / SP
387,SE,SP,PIRASSUNUNGA,Sudeste,PIRASSUNUNGA / SP
388,SE,SP,POA,Sudeste,POA / SP
389,SE,SP,PORTO FERREIRA,Sudeste,PORTO FERREIRA / SP
390,SE,SP,PRAIA GRANDE,Sudeste,PRAIA GRANDE / SP
391,SE,SP,PRESIDENTE PRUDENTE,Sudeste,PRESIDENTE PRUDENTE / SP
392,SE,SP,RIBEIRAO PIRES,Sudeste,RIBEIRAO PIRES / SP
393,SE,SP,RIBEIRAO PRETO,Sudeste,RIBEIRAO PRETO / SP
394,SE,SP,RIO CLARO,Sudeste,RIO CLARO / SP
395,SE,SP,SALTO,Sudeste,SALTO / SP
396,SE,SP,SANTO ANDRE,Sudeste,SANTO ANDRE / SP
397,SE,SP,SANTOS,Sudeste,SANTOS / SP
398,SE,SP,SAO BERNARDO DO CAMPO,Sudeste,SAO BERNARDO DO CAMPO / SP
399,SE,SP,SAO CAETANO DO SUL,Sudeste,SAO CAETANO DO SUL / SP
400,SE,SP,SAO CARLOS,Sudeste,SAO CARLOS / SP
401,SE,SP,SAO JOAO DA BOA VISTA,Sudeste,SAO JOAO DA BOA VISTA / SP
402,SE,SP,SAO JOSE DO RIO PRETO,Sudeste,SAO JOSE DO RIO PRETO / SP
403,SE,SP,SAO JOSE DOS CAMPOS,Sudeste,SAO JOSE DOS CAMPOS / SP
404,SE,SP,SAO PAULO,Sudeste,SAO PAULO / SP
405,SE,SP,SAO VICENTE,Sudeste,SAO VICENTE / SP
406,SE,SP,SERTAOZINHO,Sudeste,SERTAOZINHO / SP
407,SE,SP,SOROCABA,Sudeste,SOROCABA / SP
408,SE,SP,SUMARE,Sudeste,SUMARE / SP
409,SE,SP,SUZANO,Sudeste,SUZANO / SP
410,SE,SP,TABOAO DA SERRA,Sudeste,TABOAO DA SERRA / SP
411,SE,SP,TATUI,Sudeste,TATUI / SP
412,SE,SP,TAUBATE,Sudeste,TAUBATE / SP
413,SE,SP,TUPA,Sudeste,TUPA / SP
414,SE,SP,UBATUBA,Sudeste,UBATUBA / SP
415,SE,SP,VALINHOS,Sudeste,VALINHOS / SP
416,SE,SP,VARZEA PAULISTA,Sudeste,VARZEA PAULISTA / SP
417,SE,SP,VINHEDO,Sudeste,VINHEDO / SP
418,SE,SP,VOTORANTIM,Sudeste,VOTORANTIM / SP
419,SE,SP,VOTUPORANGA,Sudeste,VOTUPORANGA / SP
