Data,Ano,Mes,NomeMes,AnoMes,AnoMesNome,Trimestre,AnoTrimestre,SemanaISO,AnoSemanaISO,InicioSemana,DiaSemanaNum,NomeDiaSemana,EhFimDeSemana,DiasUteisComDados,EhSemanaCompleta
2024-09-02,2024,9,Set,202409,Set/24,T3,2024-T3,36,202436,2024-09-02,0,Segunda,False,5,True
2024-09-03,2024,9,Set,202409,Set/24,T3,2024-T3,36,202436,2024-09-02,1,Terca,False,5,True
2024-09-04,2024,9,Set,202409,Set/24,T3,2024-T3,36,202436,2024-09-02,2,Quarta,False,5,True
2024-09-05,2024,9,Set,202409,Set/24,T3,2024-T3,36,202436,2024-09-02,3,Quinta,False,5,True
2024-09-06,2024,9,Set,202409,Set/24,T3,2024-T3,36,202436,2024-09-02,4,Sexta,False,5,True
2024-09-07,2024,9,Set,202409,Set/24,T3,2024-T3,36,202436,2024-09-02,5,Sabado,True,5,True
2024-09-08,2024,9,Set,202409,Set/24,T3,2024-T3,36,202436,2024-09-02,6,Domingo,True,5,True
2024-09-09,2024,9,Set,202409,Set/24,T3,2024-T3,37,202437,2024-09-09,0,Segunda,False,5,True
2024-09-10,2024,9,Set,202409,Set/24,T3,2024-T3,37,202437,2024-09-09,1,Terca,False,5,True
2024-09-11,2024,9,Set,202409,Set/24,T3,2024-T3,37,202437,2024-09-09,2,Quarta,False,5,True
2024-09-12,2024,9,Set,202409,Set/24,T3,2024-T3,37,202437,2024-09-09,3,Quinta,False,5,True
2024-09-13,2024,9,Set,202409,Set/24,T3,2024-T3,37,202437,2024-09-09,4,Sexta,False,5,True
2024-09-14,2024,9,Set,202409,Set/24,T3,2024-T3,37,202437,2024-09-09,5,Sabado,True,5,True
2024-09-15,2024,9,Set,202409,Set/24,T3,2024-T3,37,202437,2024-09-09,6,Domingo,True,5,True
2024-09-16,2024,9,Set,202409,Set/24,T3,2024-T3,38,202438,2024-09-16,0,Segunda,False,5,True
2024-09-17,2024,9,Set,202409,Set/24,T3,2024-T3,38,202438,2024-09-16,1,Terca,False,5,True
2024-09-18,2024,9,Set,202409,Set/24,T3,2024-T3,38,202438,2024-09-16,2,Quarta,False,5,True
2024-09-19,2024,9,Set,202409,Set/24,T3,2024-T3,38,202438,2024-09-16,3,Quinta,False,5,True
2024-09-20,2024,9,Set,202409,Set/24,T3,2024-T3,38,202438,2024-09-16,4,Sexta,False,5,True
2024-09-21,2024,9,Set,202409,Set/24,T3,2024-T3,38,202438,2024-09-16,5,Sabado,True,5,True
2024-09-22,2024,9,Set,202409,Set/24,T3,2024-T3,38,202438,2024-09-16,6,Domingo,True,5,True
2024-09-23,2024,9,Set,202409,Set/24,T3,2024-T3,39,202439,2024-09-23,0,Segunda,False,5,True
2024-09-24,2024,9,Set,202409,Set/24,T3,2024-T3,39,202439,2024-09-23,1,Terca,False,5,True
2024-09-25,2024,9,Set,202409,Set/24,T3,2024-T3,39,202439,2024-09-23,2,Quarta,False,5,True
2024-09-26,2024,9,Set,202409,Set/24,T3,2024-T3,39,202439,2024-09-23,3,Quinta,False,5,True
2024-09-27,2024,9,Set,202409,Set/24,T3,2024-T3,39,202439,2024-09-23,4,Sexta,False,5,True
2024-09-28,2024,9,Set,202409,Set/24,T3,2024-T3,39,202439,2024-09-23,5,Sabado,True,5,True
2024-09-29,2024,9,Set,202409,Set/24,T3,2024-T3,39,202439,2024-09-23,6,Domingo,True,5,True
2024-09-30,2024,9,Set,202409,Set/24,T3,2024-T3,40,202440,2024-09-30,0,Segunda,False,5,True
2024-10-01,2024,10,Out,202410,Out/24,T4,2024-T4,40,202440,2024-09-30,1,Terca,False,5,True
2024-10-02,2024,10,Out,202410,Out/24,T4,2024-T4,40,202440,2024-09-30,2,Quarta,False,5,True
2024-10-03,2024,10,Out,202410,Out/24,T4,2024-T4,40,202440,2024-09-30,3,Quinta,False,5,True
2024-10-04,2024,10,Out,202410,Out/24,T4,2024-T4,40,202440,2024-09-30,4,Sexta,False,5,True
2024-10-05,2024,10,Out,202410,Out/24,T4,2024-T4,40,202440,2024-09-30,5,Sabado,True,5,True
2024-10-06,2024,10,Out,202410,Out/24,T4,2024-T4,40,202440,2024-09-30,6,Domingo,True,5,True
2024-10-07,2024,10,Out,202410,Out/24,T4,2024-T4,41,202441,2024-10-07,0,Segunda,False,5,True
2024-10-08,2024,10,Out,202410,Out/24,T4,2024-T4,41,202441,2024-10-07,1,Terca,False,5,True
2024-10-09,2024,10,Out,202410,Out/24,T4,2024-T4,41,202441,2024-10-07,2,Quarta,False,5,True
2024-10-10,2024,10,Out,202410,Out/24,T4,2024-T4,41,202441,2024-10-07,3,Quinta,False,5,True
2024-10-11,2024,10,Out,202410,Out/24,T4,2024-T4,41,202441,2024-10-07,4,Sexta,False,5,True
2024-10-12,2024,10,Out,202410,Out/24,T4,2024-T4,41,202441,2024-10-07,5,Sabado,True,5,True
2024-10-13,2024,10,Out,202410,Out/24,T4,2024-T4,41,202441,2024-10-07,6,Domingo,True,5,True
2024-10-14,2024,10,Out,202410,Out/24,T4,2024-T4,42,202442,2024-10-14,0,Segunda,False,5,True
2024-10-15,2024,10,Out,202410,Out/24,T4,2024-T4,42,202442,2024-10-14,1,Terca,False,5,True
2024-10-16,2024,10,Out,202410,Out/24,T4,2024-T4,42,202442,2024-10-14,2,Quarta,False,5,True
2024-10-17,2024,10,Out,202410,Out/24,T4,2024-T4,42,202442,2024-10-14,3,Quinta,False,5,True
2024-10-18,2024,10,Out,202410,Out/24,T4,2024-T4,42,202442,2024-10-14,4,Sexta,False,5,True
2024-10-19,2024,10,Out,202410,Out/24,T4,2024-T4,42,202442,2024-10-14,5,Sabado,True,5,True
2024-10-20,2024,10,Out,202410,Out/24,T4,2024-T4,42,202442,2024-10-14,6,Domingo,True,5,True
2024-10-21,2024,10,Out,202410,Out/24,T4,2024-T4,43,202443,2024-10-21,0,Segunda,False,5,True
2024-10-22,2024,10,Out,202410,Out/24,T4,2024-T4,43,202443,2024-10-21,1,Terca,False,5,True
2024-10-23,2024,10,Out,202410,Out/24,T4,2024-T4,43,202443,2024-10-21,2,Quarta,False,5,True
2024-10-24,2024,10,Out,202410,Out/24,T4,2024-T4,43,202443,2024-10-21,3,Quinta,False,5,True
2024-10-25,2024,10,Out,202410,Out/24,T4,2024-T4,43,202443,2024-10-21,4,Sexta,False,5,True
2024-10-26,2024,10,Out,202410,Out/24,T4,2024-T4,43,202443,2024-10-21,5,Sabado,True,5,True
2024-10-27,2024,10,Out,202410,Out/24,T4,2024-T4,43,202443,2024-10-21,6,Domingo,True,5,True
2024-10-28,2024,10,Out,202410,Out/24,T4,2024-T4,44,202444,2024-10-28,0,Segunda,False,5,True
2024-10-29,2024,10,Out,202410,Out/24,T4,2024-T4,44,202444,2024-10-28,1,Terca,False,5,True
2024-10-30,2024,10,Out,202410,Out/24,T4,2024-T4,44,202444,2024-10-28,2,Quarta,False,5,True
2024-10-31,2024,10,Out,202410,Out/24,T4,2024-T4,44,202444,2024-10-28,3,Quinta,False,5,True
2024-11-01,2024,11,Nov,202411,Nov/24,T4,2024-T4,44,202444,2024-10-28,4,Sexta,False,5,True
2024-11-02,2024,11,Nov,202411,Nov/24,T4,2024-T4,44,202444,2024-10-28,5,Sabado,True,5,True
2024-11-03,2024,11,Nov,202411,Nov/24,T4,2024-T4,44,202444,2024-10-28,6,Domingo,True,5,True
2024-11-04,2024,11,Nov,202411,Nov/24,T4,2024-T4,45,202445,2024-11-04,0,Segunda,False,5,True
2024-11-05,2024,11,Nov,202411,Nov/24,T4,2024-T4,45,202445,2024-11-04,1,Terca,False,5,True
2024-11-06,2024,11,Nov,202411,Nov/24,T4,2024-T4,45,202445,2024-11-04,2,Quarta,False,5,True
2024-11-07,2024,11,Nov,202411,Nov/24,T4,2024-T4,45,202445,2024-11-04,3,Quinta,False,5,True
2024-11-08,2024,11,Nov,202411,Nov/24,T4,2024-T4,45,202445,2024-11-04,4,Sexta,False,5,True
2024-11-09,2024,11,Nov,202411,Nov/24,T4,2024-T4,45,202445,2024-11-04,5,Sabado,True,5,True
2024-11-10,2024,11,Nov,202411,Nov/24,T4,2024-T4,45,202445,2024-11-04,6,Domingo,True,5,True
2024-11-11,2024,11,Nov,202411,Nov/24,T4,2024-T4,46,202446,2024-11-11,0,Segunda,False,5,True
2024-11-12,2024,11,Nov,202411,Nov/24,T4,2024-T4,46,202446,2024-11-11,1,Terca,False,5,True
2024-11-13,2024,11,Nov,202411,Nov/24,T4,2024-T4,46,202446,2024-11-11,2,Quarta,False,5,True
2024-11-14,2024,11,Nov,202411,Nov/24,T4,2024-T4,46,202446,2024-11-11,3,Quinta,False,5,True
2024-11-15,2024,11,Nov,202411,Nov/24,T4,2024-T4,46,202446,2024-11-11,4,Sexta,False,5,True
2024-11-16,2024,11,Nov,202411,Nov/24,T4,2024-T4,46,202446,2024-11-11,5,Sabado,True,5,True
2024-11-17,2024,11,Nov,202411,Nov/24,T4,2024-T4,46,202446,2024-11-11,6,Domingo,True,5,True
2024-11-18,2024,11,Nov,202411,Nov/24,T4,2024-T4,47,202447,2024-11-18,0,Segunda,False,5,True
2024-11-19,2024,11,Nov,202411,Nov/24,T4,2024-T4,47,202447,2024-11-18,1,Terca,False,5,True
2024-11-20,2024,11,Nov,202411,Nov/24,T4,2024-T4,47,202447,2024-11-18,2,Quarta,False,5,True
2024-11-21,2024,11,Nov,202411,Nov/24,T4,2024-T4,47,202447,2024-11-18,3,Quinta,False,5,True
2024-11-22,2024,11,Nov,202411,Nov/24,T4,2024-T4,47,202447,2024-11-18,4,Sexta,False,5,True
2024-11-23,2024,11,Nov,202411,Nov/24,T4,2024-T4,47,202447,2024-11-18,5,Sabado,True,5,True
2024-11-24,2024,11,Nov,202411,Nov/24,T4,2024-T4,47,202447,2024-11-18,6,Domingo,True,5,True
2024-11-25,2024,11,Nov,202411,Nov/24,T4,2024-T4,48,202448,2024-11-25,0,Segunda,False,5,True
2024-11-26,2024,11,Nov,202411,Nov/24,T4,2024-T4,48,202448,2024-11-25,1,Terca,False,5,True
2024-11-27,2024,11,Nov,202411,Nov/24,T4,2024-T4,48,202448,2024-11-25,2,Quarta,False,5,True
2024-11-28,2024,11,Nov,202411,Nov/24,T4,2024-T4,48,202448,2024-11-25,3,Quinta,False,5,True
2024-11-29,2024,11,Nov,202411,Nov/24,T4,2024-T4,48,202448,2024-11-25,4,Sexta,False,5,True
2024-11-30,2024,11,Nov,202411,Nov/24,T4,2024-T4,48,202448,2024-11-25,5,Sabado,True,5,True
2024-12-01,2024,12,Dez,202412,Dez/24,T4,2024-T4,48,202448,2024-11-25,6,Domingo,True,5,True
2024-12-02,2024,12,Dez,202412,Dez/24,T4,2024-T4,49,202449,2024-12-02,0,Segunda,False,5,True
2024-12-03,2024,12,Dez,202412,Dez/24,T4,2024-T4,49,202449,2024-12-02,1,Terca,False,5,True
2024-12-04,2024,12,Dez,202412,Dez/24,T4,2024-T4,49,202449,2024-12-02,2,Quarta,False,5,True
2024-12-05,2024,12,Dez,202412,Dez/24,T4,2024-T4,49,202449,2024-12-02,3,Quinta,False,5,True
2024-12-06,2024,12,Dez,202412,Dez/24,T4,2024-T4,49,202449,2024-12-02,4,Sexta,False,5,True
2024-12-07,2024,12,Dez,202412,Dez/24,T4,2024-T4,49,202449,2024-12-02,5,Sabado,True,5,True
2024-12-08,2024,12,Dez,202412,Dez/24,T4,2024-T4,49,202449,2024-12-02,6,Domingo,True,5,True
2024-12-09,2024,12,Dez,202412,Dez/24,T4,2024-T4,50,202450,2024-12-09,0,Segunda,False,5,True
2024-12-10,2024,12,Dez,202412,Dez/24,T4,2024-T4,50,202450,2024-12-09,1,Terca,False,5,True
2024-12-11,2024,12,Dez,202412,Dez/24,T4,2024-T4,50,202450,2024-12-09,2,Quarta,False,5,True
2024-12-12,2024,12,Dez,202412,Dez/24,T4,2024-T4,50,202450,2024-12-09,3,Quinta,False,5,True
2024-12-13,2024,12,Dez,202412,Dez/24,T4,2024-T4,50,202450,2024-12-09,4,Sexta,False,5,True
2024-12-14,2024,12,Dez,202412,Dez/24,T4,2024-T4,50,202450,2024-12-09,5,Sabado,True,5,True
2024-12-15,2024,12,Dez,202412,Dez/24,T4,2024-T4,50,202450,2024-12-09,6,Domingo,True,5,True
2024-12-16,2024,12,Dez,202412,Dez/24,T4,2024-T4,51,202451,2024-12-16,0,Segunda,False,5,True
2024-12-17,2024,12,Dez,202412,Dez/24,T4,2024-T4,51,202451,2024-12-16,1,Terca,False,5,True
2024-12-18,2024,12,Dez,202412,Dez/24,T4,2024-T4,51,202451,2024-12-16,2,Quarta,False,5,True
2024-12-19,2024,12,Dez,202412,Dez/24,T4,2024-T4,51,202451,2024-12-16,3,Quinta,False,5,True
2024-12-20,2024,12,Dez,202412,Dez/24,T4,2024-T4,51,202451,2024-12-16,4,Sexta,False,5,True
2024-12-21,2024,12,Dez,202412,Dez/24,T4,2024-T4,51,202451,2024-12-16,5,Sabado,True,5,True
2024-12-22,2024,12,Dez,202412,Dez/24,T4,2024-T4,51,202451,2024-12-16,6,Domingo,True,5,True
2024-12-23,2024,12,Dez,202412,Dez/24,T4,2024-T4,52,202452,2024-12-23,0,Segunda,False,5,True
2024-12-24,2024,12,Dez,202412,Dez/24,T4,2024-T4,52,202452,2024-12-23,1,Terca,False,5,True
2024-12-25,2024,12,Dez,202412,Dez/24,T4,2024-T4,52,202452,2024-12-23,2,Quarta,False,5,True
2024-12-26,2024,12,Dez,202412,Dez/24,T4,2024-T4,52,202452,2024-12-23,3,Quinta,False,5,True
2024-12-27,2024,12,Dez,202412,Dez/24,T4,2024-T4,52,202452,2024-12-23,4,Sexta,False,5,True
2024-12-28,2024,12,Dez,202412,Dez/24,T4,2024-T4,52,202452,2024-12-23,5,Sabado,True,5,True
2024-12-29,2024,12,Dez,202412,Dez/24,T4,2024-T4,52,202452,2024-12-23,6,Domingo,True,5,True
2024-12-30,2024,12,Dez,202412,Dez/24,T4,2024-T4,1,202501,2024-12-30,0,Segunda,False,5,True
2024-12-31,2024,12,Dez,202412,Dez/24,T4,2024-T4,1,202501,2024-12-30,1,Terca,False,5,True
2025-01-01,2025,1,Jan,202501,Jan/25,T1,2025-T1,1,202501,2024-12-30,2,Quarta,False,5,True
2025-01-02,2025,1,Jan,202501,Jan/25,T1,2025-T1,1,202501,2024-12-30,3,Quinta,False,5,True
2025-01-03,2025,1,Jan,202501,Jan/25,T1,2025-T1,1,202501,2024-12-30,4,Sexta,False,5,True
2025-01-04,2025,1,Jan,202501,Jan/25,T1,2025-T1,1,202501,2024-12-30,5,Sabado,True,5,True
2025-01-05,2025,1,Jan,202501,Jan/25,T1,2025-T1,1,202501,2024-12-30,6,Domingo,True,5,True
2025-01-06,2025,1,Jan,202501,Jan/25,T1,2025-T1,2,202502,2025-01-06,0,Segunda,False,5,True
2025-01-07,2025,1,Jan,202501,Jan/25,T1,2025-T1,2,202502,2025-01-06,1,Terca,False,5,True
2025-01-08,2025,1,Jan,202501,Jan/25,T1,2025-T1,2,202502,2025-01-06,2,Quarta,False,5,True
2025-01-09,2025,1,Jan,202501,Jan/25,T1,2025-T1,2,202502,2025-01-06,3,Quinta,False,5,True
2025-01-10,2025,1,Jan,202501,Jan/25,T1,2025-T1,2,202502,2025-01-06,4,Sexta,False,5,True
2025-01-11,2025,1,Jan,202501,Jan/25,T1,2025-T1,2,202502,2025-01-06,5,Sabado,True,5,True
2025-01-12,2025,1,Jan,202501,Jan/25,T1,2025-T1,2,202502,2025-01-06,6,Domingo,True,5,True
2025-01-13,2025,1,Jan,202501,Jan/25,T1,2025-T1,3,202503,2025-01-13,0,Segunda,False,5,True
2025-01-14,2025,1,Jan,202501,Jan/25,T1,2025-T1,3,202503,2025-01-13,1,Terca,False,5,True
2025-01-15,2025,1,Jan,202501,Jan/25,T1,2025-T1,3,202503,2025-01-13,2,Quarta,False,5,True
2025-01-16,2025,1,Jan,202501,Jan/25,T1,2025-T1,3,202503,2025-01-13,3,Quinta,False,5,True
2025-01-17,2025,1,Jan,202501,Jan/25,T1,2025-T1,3,202503,2025-01-13,4,Sexta,False,5,True
2025-01-18,2025,1,Jan,202501,Jan/25,T1,2025-T1,3,202503,2025-01-13,5,Sabado,True,5,True
2025-01-19,2025,1,Jan,202501,Jan/25,T1,2025-T1,3,202503,2025-01-13,6,Domingo,True,5,True
2025-01-20,2025,1,Jan,202501,Jan/25,T1,2025-T1,4,202504,2025-01-20,0,Segunda,False,5,True
2025-01-21,2025,1,Jan,202501,Jan/25,T1,2025-T1,4,202504,2025-01-20,1,Terca,False,5,True
2025-01-22,2025,1,Jan,202501,Jan/25,T1,2025-T1,4,202504,2025-01-20,2,Quarta,False,5,True
2025-01-23,2025,1,Jan,202501,Jan/25,T1,2025-T1,4,202504,2025-01-20,3,Quinta,False,5,True
2025-01-24,2025,1,Jan,202501,Jan/25,T1,2025-T1,4,202504,2025-01-20,4,Sexta,False,5,True
2025-01-25,2025,1,Jan,202501,Jan/25,T1,2025-T1,4,202504,2025-01-20,5,Sabado,True,5,True
2025-01-26,2025,1,Jan,202501,Jan/25,T1,2025-T1,4,202504,2025-01-20,6,Domingo,True,5,True
2025-01-27,2025,1,Jan,202501,Jan/25,T1,2025-T1,5,202505,2025-01-27,0,Segunda,False,5,True
2025-01-28,2025,1,Jan,202501,Jan/25,T1,2025-T1,5,202505,2025-01-27,1,Terca,False,5,True
2025-01-29,2025,1,Jan,202501,Jan/25,T1,2025-T1,5,202505,2025-01-27,2,Quarta,False,5,True
2025-01-30,2025,1,Jan,202501,Jan/25,T1,2025-T1,5,202505,2025-01-27,3,Quinta,False,5,True
2025-01-31,2025,1,Jan,202501,Jan/25,T1,2025-T1,5,202505,2025-01-27,4,Sexta,False,5,True
2025-02-01,2025,2,Fev,202502,Fev/25,T1,2025-T1,5,202505,2025-01-27,5,Sabado,True,5,True
2025-02-02,2025,2,Fev,202502,Fev/25,T1,2025-T1,5,202505,2025-01-27,6,Domingo,True,5,True
2025-02-03,2025,2,Fev,202502,Fev/25,T1,2025-T1,6,202506,2025-02-03,0,Segunda,False,5,True
2025-02-04,2025,2,Fev,202502,Fev/25,T1,2025-T1,6,202506,2025-02-03,1,Terca,False,5,True
2025-02-05,2025,2,Fev,202502,Fev/25,T1,2025-T1,6,202506,2025-02-03,2,Quarta,False,5,True
2025-02-06,2025,2,Fev,202502,Fev/25,T1,2025-T1,6,202506,2025-02-03,3,Quinta,False,5,True
2025-02-07,2025,2,Fev,202502,Fev/25,T1,2025-T1,6,202506,2025-02-03,4,Sexta,False,5,True
2025-02-08,2025,2,Fev,202502,Fev/25,T1,2025-T1,6,202506,2025-02-03,5,Sabado,True,5,True
2025-02-09,2025,2,Fev,202502,Fev/25,T1,2025-T1,6,202506,2025-02-03,6,Domingo,True,5,True
2025-02-10,2025,2,Fev,202502,Fev/25,T1,2025-T1,7,202507,2025-02-10,0,Segunda,False,5,True
2025-02-11,2025,2,Fev,202502,Fev/25,T1,2025-T1,7,202507,2025-02-10,1,Terca,False,5,True
2025-02-12,2025,2,Fev,202502,Fev/25,T1,2025-T1,7,202507,2025-02-10,2,Quarta,False,5,True
2025-02-13,2025,2,Fev,202502,Fev/25,T1,2025-T1,7,202507,2025-02-10,3,Quinta,False,5,True
2025-02-14,2025,2,Fev,202502,Fev/25,T1,2025-T1,7,202507,2025-02-10,4,Sexta,False,5,True
2025-02-15,2025,2,Fev,202502,Fev/25,T1,2025-T1,7,202507,2025-02-10,5,Sabado,True,5,True
2025-02-16,2025,2,Fev,202502,Fev/25,T1,2025-T1,7,202507,2025-02-10,6,Domingo,True,5,True
2025-02-17,2025,2,Fev,202502,Fev/25,T1,2025-T1,8,202508,2025-02-17,0,Segunda,False,5,True
2025-02-18,2025,2,Fev,202502,Fev/25,T1,2025-T1,8,202508,2025-02-17,1,Terca,False,5,True
2025-02-19,2025,2,Fev,202502,Fev/25,T1,2025-T1,8,202508,2025-02-17,2,Quarta,False,5,True
2025-02-20,2025,2,Fev,202502,Fev/25,T1,2025-T1,8,202508,2025-02-17,3,Quinta,False,5,True
2025-02-21,2025,2,Fev,202502,Fev/25,T1,2025-T1,8,202508,2025-02-17,4,Sexta,False,5,True
2025-02-22,2025,2,Fev,202502,Fev/25,T1,2025-T1,8,202508,2025-02-17,5,Sabado,True,5,True
2025-02-23,2025,2,Fev,202502,Fev/25,T1,2025-T1,8,202508,2025-02-17,6,Domingo,True,5,True
2025-02-24,2025,2,Fev,202502,Fev/25,T1,2025-T1,9,202509,2025-02-24,0,Segunda,False,5,True
2025-02-25,2025,2,Fev,202502,Fev/25,T1,2025-T1,9,202509,2025-02-24,1,Terca,False,5,True
2025-02-26,2025,2,Fev,202502,Fev/25,T1,2025-T1,9,202509,2025-02-24,2,Quarta,False,5,True
2025-02-27,2025,2,Fev,202502,Fev/25,T1,2025-T1,9,202509,2025-02-24,3,Quinta,False,5,True
2025-02-28,2025,2,Fev,202502,Fev/25,T1,2025-T1,9,202509,2025-02-24,4,Sexta,False,5,True
2025-03-01,2025,3,Mar,202503,Mar/25,T1,2025-T1,9,202509,2025-02-24,5,Sabado,True,5,True
2025-03-02,2025,3,Mar,202503,Mar/25,T1,2025-T1,9,202509,2025-02-24,6,Domingo,True,5,True
2025-03-03,2025,3,Mar,202503,Mar/25,T1,2025-T1,10,202510,2025-03-03,0,Segunda,False,5,True
2025-03-04,2025,3,Mar,202503,Mar/25,T1,2025-T1,10,202510,2025-03-03,1,Terca,False,5,True
2025-03-05,2025,3,Mar,202503,Mar/25,T1,2025-T1,10,202510,2025-03-03,2,Quarta,False,5,True
2025-03-06,2025,3,Mar,202503,Mar/25,T1,2025-T1,10,202510,2025-03-03,3,Quinta,False,5,True
2025-03-07,2025,3,Mar,202503,Mar/25,T1,2025-T1,10,202510,2025-03-03,4,Sexta,False,5,True
2025-03-08,2025,3,Mar,202503,Mar/25,T1,2025-T1,10,202510,2025-03-03,5,Sabado,True,5,True
2025-03-09,2025,3,Mar,202503,Mar/25,T1,2025-T1,10,202510,2025-03-03,6,Domingo,True,5,True
2025-03-10,2025,3,Mar,202503,Mar/25,T1,2025-T1,11,202511,2025-03-10,0,Segunda,False,5,True
2025-03-11,2025,3,Mar,202503,Mar/25,T1,2025-T1,11,202511,2025-03-10,1,Terca,False,5,True
2025-03-12,2025,3,Mar,202503,Mar/25,T1,2025-T1,11,202511,2025-03-10,2,Quarta,False,5,True
2025-03-13,2025,3,Mar,202503,Mar/25,T1,2025-T1,11,202511,2025-03-10,3,Quinta,False,5,True
2025-03-14,2025,3,Mar,202503,Mar/25,T1,2025-T1,11,202511,2025-03-10,4,Sexta,False,5,True
2025-03-15,2025,3,Mar,202503,Mar/25,T1,2025-T1,11,202511,2025-03-10,5,Sabado,True,5,True
2025-03-16,2025,3,Mar,202503,Mar/25,T1,2025-T1,11,202511,2025-03-10,6,Domingo,True,5,True
2025-03-17,2025,3,Mar,202503,Mar/25,T1,2025-T1,12,202512,2025-03-17,0,Segunda,False,5,True
2025-03-18,2025,3,Mar,202503,Mar/25,T1,2025-T1,12,202512,2025-03-17,1,Terca,False,5,True
2025-03-19,2025,3,Mar,202503,Mar/25,T1,2025-T1,12,202512,2025-03-17,2,Quarta,False,5,True
2025-03-20,2025,3,Mar,202503,Mar/25,T1,2025-T1,12,202512,2025-03-17,3,Quinta,False,5,True
2025-03-21,2025,3,Mar,202503,Mar/25,T1,2025-T1,12,202512,2025-03-17,4,Sexta,False,5,True
2025-03-22,2025,3,Mar,202503,Mar/25,T1,2025-T1,12,202512,2025-03-17,5,Sabado,True,5,True
2025-03-23,2025,3,Mar,202503,Mar/25,T1,2025-T1,12,202512,2025-03-17,6,Domingo,True,5,True
2025-03-24,2025,3,Mar,202503,Mar/25,T1,2025-T1,13,202513,2025-03-24,0,Segunda,False,5,True
2025-03-25,2025,3,Mar,202503,Mar/25,T1,2025-T1,13,202513,2025-03-24,1,Terca,False,5,True
2025-03-26,2025,3,Mar,202503,Mar/25,T1,2025-T1,13,202513,2025-03-24,2,Quarta,False,5,True
2025-03-27,2025,3,Mar,202503,Mar/25,T1,2025-T1,13,202513,2025-03-24,3,Quinta,False,5,True
2025-03-28,2025,3,Mar,202503,Mar/25,T1,2025-T1,13,202513,2025-03-24,4,Sexta,False,5,True
2025-03-29,2025,3,Mar,202503,Mar/25,T1,2025-T1,13,202513,2025-03-24,5,Sabado,True,5,True
2025-03-30,2025,3,Mar,202503,Mar/25,T1,2025-T1,13,202513,2025-03-24,6,Domingo,True,5,True
2025-03-31,2025,3,Mar,202503,Mar/25,T1,2025-T1,14,202514,2025-03-31,0,Segunda,False,5,True
2025-04-01,2025,4,Abr,202504,Abr/25,T2,2025-T2,14,202514,2025-03-31,1,Terca,False,5,True
2025-04-02,2025,4,Abr,202504,Abr/25,T2,2025-T2,14,202514,2025-03-31,2,Quarta,False,5,True
2025-04-03,2025,4,Abr,202504,Abr/25,T2,2025-T2,14,202514,2025-03-31,3,Quinta,False,5,True
2025-04-04,2025,4,Abr,202504,Abr/25,T2,2025-T2,14,202514,2025-03-31,4,Sexta,False,5,True
2025-04-05,2025,4,Abr,202504,Abr/25,T2,2025-T2,14,202514,2025-03-31,5,Sabado,True,5,True
2025-04-06,2025,4,Abr,202504,Abr/25,T2,2025-T2,14,202514,2025-03-31,6,Domingo,True,5,True
2025-04-07,2025,4,Abr,202504,Abr/25,T2,2025-T2,15,202515,2025-04-07,0,Segunda,False,5,True
2025-04-08,2025,4,Abr,202504,Abr/25,T2,2025-T2,15,202515,2025-04-07,1,Terca,False,5,True
2025-04-09,2025,4,Abr,202504,Abr/25,T2,2025-T2,15,202515,2025-04-07,2,Quarta,False,5,True
2025-04-10,2025,4,Abr,202504,Abr/25,T2,2025-T2,15,202515,2025-04-07,3,Quinta,False,5,True
2025-04-11,2025,4,Abr,202504,Abr/25,T2,2025-T2,15,202515,2025-04-07,4,Sexta,False,5,True
2025-04-12,2025,4,Abr,202504,Abr/25,T2,2025-T2,15,202515,2025-04-07,5,Sabado,True,5,True
2025-04-13,2025,4,Abr,202504,Abr/25,T2,2025-T2,15,202515,2025-04-07,6,Domingo,True,5,True
2025-04-14,2025,4,Abr,202504,Abr/25,T2,2025-T2,16,202516,2025-04-14,0,Segunda,False,5,True
2025-04-15,2025,4,Abr,202504,Abr/25,T2,2025-T2,16,202516,2025-04-14,1,Terca,False,5,True
2025-04-16,2025,4,Abr,202504,Abr/25,T2,2025-T2,16,202516,2025-04-14,2,Quarta,False,5,True
2025-04-17,2025,4,Abr,202504,Abr/25,T2,2025-T2,16,202516,2025-04-14,3,Quinta,False,5,True
2025-04-18,2025,4,Abr,202504,Abr/25,T2,2025-T2,16,202516,2025-04-14,4,Sexta,False,5,True
2025-04-19,2025,4,Abr,202504,Abr/25,T2,2025-T2,16,202516,2025-04-14,5,Sabado,True,5,True
2025-04-20,2025,4,Abr,202504,Abr/25,T2,2025-T2,16,202516,2025-04-14,6,Domingo,True,5,True
2025-04-21,2025,4,Abr,202504,Abr/25,T2,2025-T2,17,202517,2025-04-21,0,Segunda,False,5,True
2025-04-22,2025,4,Abr,202504,Abr/25,T2,2025-T2,17,202517,2025-04-21,1,Terca,False,5,True
2025-04-23,2025,4,Abr,202504,Abr/25,T2,2025-T2,17,202517,2025-04-21,2,Quarta,False,5,True
2025-04-24,2025,4,Abr,202504,Abr/25,T2,2025-T2,17,202517,2025-04-21,3,Quinta,False,5,True
2025-04-25,2025,4,Abr,202504,Abr/25,T2,2025-T2,17,202517,2025-04-21,4,Sexta,False,5,True
2025-04-26,2025,4,Abr,202504,Abr/25,T2,2025-T2,17,202517,2025-04-21,5,Sabado,True,5,True
2025-04-27,2025,4,Abr,202504,Abr/25,T2,2025-T2,17,202517,2025-04-21,6,Domingo,True,5,True
2025-04-28,2025,4,Abr,202504,Abr/25,T2,2025-T2,18,202518,2025-04-28,0,Segunda,False,5,True
2025-04-29,2025,4,Abr,202504,Abr/25,T2,2025-T2,18,202518,2025-04-28,1,Terca,False,5,True
2025-04-30,2025,4,Abr,202504,Abr/25,T2,2025-T2,18,202518,2025-04-28,2,Quarta,False,5,True
2025-05-01,2025,5,Mai,202505,Mai/25,T2,2025-T2,18,202518,2025-04-28,3,Quinta,False,5,True
2025-05-02,2025,5,Mai,202505,Mai/25,T2,2025-T2,18,202518,2025-04-28,4,Sexta,False,5,True
2025-05-03,2025,5,Mai,202505,Mai/25,T2,2025-T2,18,202518,2025-04-28,5,Sabado,True,5,True
2025-05-04,2025,5,Mai,202505,Mai/25,T2,2025-T2,18,202518,2025-04-28,6,Domingo,True,5,True
2025-05-05,2025,5,Mai,202505,Mai/25,T2,2025-T2,19,202519,2025-05-05,0,Segunda,False,5,True
2025-05-06,2025,5,Mai,202505,Mai/25,T2,2025-T2,19,202519,2025-05-05,1,Terca,False,5,True
2025-05-07,2025,5,Mai,202505,Mai/25,T2,2025-T2,19,202519,2025-05-05,2,Quarta,False,5,True
2025-05-08,2025,5,Mai,202505,Mai/25,T2,2025-T2,19,202519,2025-05-05,3,Quinta,False,5,True
2025-05-09,2025,5,Mai,202505,Mai/25,T2,2025-T2,19,202519,2025-05-05,4,Sexta,False,5,True
2025-05-10,2025,5,Mai,202505,Mai/25,T2,2025-T2,19,202519,2025-05-05,5,Sabado,True,5,True
2025-05-11,2025,5,Mai,202505,Mai/25,T2,2025-T2,19,202519,2025-05-05,6,Domingo,True,5,True
2025-05-12,2025,5,Mai,202505,Mai/25,T2,2025-T2,20,202520,2025-05-12,0,Segunda,False,5,True
2025-05-13,2025,5,Mai,202505,Mai/25,T2,2025-T2,20,202520,2025-05-12,1,Terca,False,5,True
2025-05-14,2025,5,Mai,202505,Mai/25,T2,2025-T2,20,202520,2025-05-12,2,Quarta,False,5,True
2025-05-15,2025,5,Mai,202505,Mai/25,T2,2025-T2,20,202520,2025-05-12,3,Quinta,False,5,True
2025-05-16,2025,5,Mai,202505,Mai/25,T2,2025-T2,20,202520,2025-05-12,4,Sexta,False,5,True
2025-05-17,2025,5,Mai,202505,Mai/25,T2,2025-T2,20,202520,2025-05-12,5,Sabado,True,5,True
2025-05-18,2025,5,Mai,202505,Mai/25,T2,2025-T2,20,202520,2025-05-12,6,Domingo,True,5,True
2025-05-19,2025,5,Mai,202505,Mai/25,T2,2025-T2,21,202521,2025-05-19,0,Segunda,False,5,True
2025-05-20,2025,5,Mai,202505,Mai/25,T2,2025-T2,21,202521,2025-05-19,1,Terca,False,5,True
2025-05-21,2025,5,Mai,202505,Mai/25,T2,2025-T2,21,202521,2025-05-19,2,Quarta,False,5,True
2025-05-22,2025,5,Mai,202505,Mai/25,T2,2025-T2,21,202521,2025-05-19,3,Quinta,False,5,True
2025-05-23,2025,5,Mai,202505,Mai/25,T2,2025-T2,21,202521,2025-05-19,4,Sexta,False,5,True
2025-05-24,2025,5,Mai,202505,Mai/25,T2,2025-T2,21,202521,2025-05-19,5,Sabado,True,5,True
2025-05-25,2025,5,Mai,202505,Mai/25,T2,2025-T2,21,202521,2025-05-19,6,Domingo,True,5,True
2025-05-26,2025,5,Mai,202505,Mai/25,T2,2025-T2,22,202522,2025-05-26,0,Segunda,False,5,True
2025-05-27,2025,5,Mai,202505,Mai/25,T2,2025-T2,22,202522,2025-05-26,1,Terca,False,5,True
2025-05-28,2025,5,Mai,202505,Mai/25,T2,2025-T2,22,202522,2025-05-26,2,Quarta,False,5,True
2025-05-29,2025,5,Mai,202505,Mai/25,T2,2025-T2,22,202522,2025-05-26,3,Quinta,False,5,True
2025-05-30,2025,5,Mai,202505,Mai/25,T2,2025-T2,22,202522,2025-05-26,4,Sexta,False,5,True
2025-05-31,2025,5,Mai,202505,Mai/25,T2,2025-T2,22,202522,2025-05-26,5,Sabado,True,5,True
2025-06-01,2025,6,Jun,202506,Jun/25,T2,2025-T2,22,202522,2025-05-26,6,Domingo,True,5,True
2025-06-02,2025,6,Jun,202506,Jun/25,T2,2025-T2,23,202523,2025-06-02,0,Segunda,False,5,True
2025-06-03,2025,6,Jun,202506,Jun/25,T2,2025-T2,23,202523,2025-06-02,1,Terca,False,5,True
2025-06-04,2025,6,Jun,202506,Jun/25,T2,2025-T2,23,202523,2025-06-02,2,Quarta,False,5,True
2025-06-05,2025,6,Jun,202506,Jun/25,T2,2025-T2,23,202523,2025-06-02,3,Quinta,False,5,True
2025-06-06,2025,6,Jun,202506,Jun/25,T2,2025-T2,23,202523,2025-06-02,4,Sexta,False,5,True
2025-06-07,2025,6,Jun,202506,Jun/25,T2,2025-T2,23,202523,2025-06-02,5,Sabado,True,5,True
2025-06-08,2025,6,Jun,202506,Jun/25,T2,2025-T2,23,202523,2025-06-02,6,Domingo,True,5,True
2025-06-09,2025,6,Jun,202506,Jun/25,T2,2025-T2,24,202524,2025-06-09,0,Segunda,False,5,True
2025-06-10,2025,6,Jun,202506,Jun/25,T2,2025-T2,24,202524,2025-06-09,1,Terca,False,5,True
2025-06-11,2025,6,Jun,202506,Jun/25,T2,2025-T2,24,202524,2025-06-09,2,Quarta,False,5,True
2025-06-12,2025,6,Jun,202506,Jun/25,T2,2025-T2,24,202524,2025-06-09,3,Quinta,False,5,True
2025-06-13,2025,6,Jun,202506,Jun/25,T2,2025-T2,24,202524,2025-06-09,4,Sexta,False,5,True
2025-06-14,2025,6,Jun,202506,Jun/25,T2,2025-T2,24,202524,2025-06-09,5,Sabado,True,5,True
2025-06-15,2025,6,Jun,202506,Jun/25,T2,2025-T2,24,202524,2025-06-09,6,Domingo,True,5,True
2025-06-16,2025,6,Jun,202506,Jun/25,T2,2025-T2,25,202525,2025-06-16,0,Segunda,False,5,True
2025-06-17,2025,6,Jun,202506,Jun/25,T2,2025-T2,25,202525,2025-06-16,1,Terca,False,5,True
2025-06-18,2025,6,Jun,202506,Jun/25,T2,2025-T2,25,202525,2025-06-16,2,Quarta,False,5,True
2025-06-19,2025,6,Jun,202506,Jun/25,T2,2025-T2,25,202525,2025-06-16,3,Quinta,False,5,True
2025-06-20,2025,6,Jun,202506,Jun/25,T2,2025-T2,25,202525,2025-06-16,4,Sexta,False,5,True
2025-06-21,2025,6,Jun,202506,Jun/25,T2,2025-T2,25,202525,2025-06-16,5,Sabado,True,5,True
2025-06-22,2025,6,Jun,202506,Jun/25,T2,2025-T2,25,202525,2025-06-16,6,Domingo,True,5,True
2025-06-23,2025,6,Jun,202506,Jun/25,T2,2025-T2,26,202526,2025-06-23,0,Segunda,False,5,True
2025-06-24,2025,6,Jun,202506,Jun/25,T2,2025-T2,26,202526,2025-06-23,1,Terca,False,5,True
2025-06-25,2025,6,Jun,202506,Jun/25,T2,2025-T2,26,202526,2025-06-23,2,Quarta,False,5,True
2025-06-26,2025,6,Jun,202506,Jun/25,T2,2025-T2,26,202526,2025-06-23,3,Quinta,False,5,True
2025-06-27,2025,6,Jun,202506,Jun/25,T2,2025-T2,26,202526,2025-06-23,4,Sexta,False,5,True
2025-06-28,2025,6,Jun,202506,Jun/25,T2,2025-T2,26,202526,2025-06-23,5,Sabado,True,5,True
2025-06-29,2025,6,Jun,202506,Jun/25,T2,2025-T2,26,202526,2025-06-23,6,Domingo,True,5,True
2025-06-30,2025,6,Jun,202506,Jun/25,T2,2025-T2,27,202527,2025-06-30,0,Segunda,False,5,True
2025-07-01,2025,7,Jul,202507,Jul/25,T3,2025-T3,27,202527,2025-06-30,1,Terca,False,5,True
2025-07-02,2025,7,Jul,202507,Jul/25,T3,2025-T3,27,202527,2025-06-30,2,Quarta,False,5,True
2025-07-03,2025,7,Jul,202507,Jul/25,T3,2025-T3,27,202527,2025-06-30,3,Quinta,False,5,True
2025-07-04,2025,7,Jul,202507,Jul/25,T3,2025-T3,27,202527,2025-06-30,4,Sexta,False,5,True
2025-07-05,2025,7,Jul,202507,Jul/25,T3,2025-T3,27,202527,2025-06-30,5,Sabado,True,5,True
2025-07-06,2025,7,Jul,202507,Jul/25,T3,2025-T3,27,202527,2025-06-30,6,Domingo,True,5,True
2025-07-07,2025,7,Jul,202507,Jul/25,T3,2025-T3,28,202528,2025-07-07,0,Segunda,False,5,True
2025-07-08,2025,7,Jul,202507,Jul/25,T3,2025-T3,28,202528,2025-07-07,1,Terca,False,5,True
2025-07-09,2025,7,Jul,202507,Jul/25,T3,2025-T3,28,202528,2025-07-07,2,Quarta,False,5,True
2025-07-10,2025,7,Jul,202507,Jul/25,T3,2025-T3,28,202528,2025-07-07,3,Quinta,False,5,True
2025-07-11,2025,7,Jul,202507,Jul/25,T3,2025-T3,28,202528,2025-07-07,4,Sexta,False,5,True
2025-07-12,2025,7,Jul,202507,Jul/25,T3,2025-T3,28,202528,2025-07-07,5,Sabado,True,5,True
2025-07-13,2025,7,Jul,202507,Jul/25,T3,2025-T3,28,202528,2025-07-07,6,Domingo,True,5,True
2025-07-14,2025,7,Jul,202507,Jul/25,T3,2025-T3,29,202529,2025-07-14,0,Segunda,False,5,True
2025-07-15,2025,7,Jul,202507,Jul/25,T3,2025-T3,29,202529,2025-07-14,1,Terca,False,5,True
2025-07-16,2025,7,Jul,202507,Jul/25,T3,2025-T3,29,202529,2025-07-14,2,Quarta,False,5,True
2025-07-17,2025,7,Jul,202507,Jul/25,T3,2025-T3,29,202529,2025-07-14,3,Quinta,False,5,True
2025-07-18,2025,7,Jul,202507,Jul/25,T3,2025-T3,29,202529,2025-07-14,4,Sexta,False,5,True
2025-07-19,2025,7,Jul,202507,Jul/25,T3,2025-T3,29,202529,2025-07-14,5,Sabado,True,5,True
2025-07-20,2025,7,Jul,202507,Jul/25,T3,2025-T3,29,202529,2025-07-14,6,Domingo,True,5,True
2025-07-21,2025,7,Jul,202507,Jul/25,T3,2025-T3,30,202530,2025-07-21,0,Segunda,False,5,True
2025-07-22,2025,7,Jul,202507,Jul/25,T3,2025-T3,30,202530,2025-07-21,1,Terca,False,5,True
2025-07-23,2025,7,Jul,202507,Jul/25,T3,2025-T3,30,202530,2025-07-21,2,Quarta,False,5,True
2025-07-24,2025,7,Jul,202507,Jul/25,T3,2025-T3,30,202530,2025-07-21,3,Quinta,False,5,True
2025-07-25,2025,7,Jul,202507,Jul/25,T3,2025-T3,30,202530,2025-07-21,4,Sexta,False,5,True
2025-07-26,2025,7,Jul,202507,Jul/25,T3,2025-T3,30,202530,2025-07-21,5,Sabado,True,5,True
2025-07-27,2025,7,Jul,202507,Jul/25,T3,2025-T3,30,202530,2025-07-21,6,Domingo,True,5,True
2025-07-28,2025,7,Jul,202507,Jul/25,T3,2025-T3,31,202531,2025-07-28,0,Segunda,False,5,True
2025-07-29,2025,7,Jul,202507,Jul/25,T3,2025-T3,31,202531,2025-07-28,1,Terca,False,5,True
2025-07-30,2025,7,Jul,202507,Jul/25,T3,2025-T3,31,202531,2025-07-28,2,Quarta,False,5,True
2025-07-31,2025,7,Jul,202507,Jul/25,T3,2025-T3,31,202531,2025-07-28,3,Quinta,False,5,True
2025-08-01,2025,8,Ago,202508,Ago/25,T3,2025-T3,31,202531,2025-07-28,4,Sexta,False,5,True
2025-08-02,2025,8,Ago,202508,Ago/25,T3,2025-T3,31,202531,2025-07-28,5,Sabado,True,5,True
2025-08-03,2025,8,Ago,202508,Ago/25,T3,2025-T3,31,202531,2025-07-28,6,Domingo,True,5,True
2025-08-04,2025,8,Ago,202508,Ago/25,T3,2025-T3,32,202532,2025-08-04,0,Segunda,False,5,True
2025-08-05,2025,8,Ago,202508,Ago/25,T3,2025-T3,32,202532,2025-08-04,1,Terca,False,5,True
2025-08-06,2025,8,Ago,202508,Ago/25,T3,2025-T3,32,202532,2025-08-04,2,Quarta,False,5,True
2025-08-07,2025,8,Ago,202508,Ago/25,T3,2025-T3,32,202532,2025-08-04,3,Quinta,False,5,True
2025-08-08,2025,8,Ago,202508,Ago/25,T3,2025-T3,32,202532,2025-08-04,4,Sexta,False,5,True
2025-08-09,2025,8,Ago,202508,Ago/25,T3,2025-T3,32,202532,2025-08-04,5,Sabado,True,5,True
2025-08-10,2025,8,Ago,202508,Ago/25,T3,2025-T3,32,202532,2025-08-04,6,Domingo,True,5,True
2025-08-11,2025,8,Ago,202508,Ago/25,T3,2025-T3,33,202533,2025-08-11,0,Segunda,False,5,True
2025-08-12,2025,8,Ago,202508,Ago/25,T3,2025-T3,33,202533,2025-08-11,1,Terca,False,5,True
2025-08-13,2025,8,Ago,202508,Ago/25,T3,2025-T3,33,202533,2025-08-11,2,Quarta,False,5,True
2025-08-14,2025,8,Ago,202508,Ago/25,T3,2025-T3,33,202533,2025-08-11,3,Quinta,False,5,True
2025-08-15,2025,8,Ago,202508,Ago/25,T3,2025-T3,33,202533,2025-08-11,4,Sexta,False,5,True
2025-08-16,2025,8,Ago,202508,Ago/25,T3,2025-T3,33,202533,2025-08-11,5,Sabado,True,5,True
2025-08-17,2025,8,Ago,202508,Ago/25,T3,2025-T3,33,202533,2025-08-11,6,Domingo,True,5,True
2025-08-18,2025,8,Ago,202508,Ago/25,T3,2025-T3,34,202534,2025-08-18,0,Segunda,False,5,True
2025-08-19,2025,8,Ago,202508,Ago/25,T3,2025-T3,34,202534,2025-08-18,1,Terca,False,5,True
2025-08-20,2025,8,Ago,202508,Ago/25,T3,2025-T3,34,202534,2025-08-18,2,Quarta,False,5,True
2025-08-21,2025,8,Ago,202508,Ago/25,T3,2025-T3,34,202534,2025-08-18,3,Quinta,False,5,True
2025-08-22,2025,8,Ago,202508,Ago/25,T3,2025-T3,34,202534,2025-08-18,4,Sexta,False,5,True
2025-08-23,2025,8,Ago,202508,Ago/25,T3,2025-T3,34,202534,2025-08-18,5,Sabado,True,5,True
2025-08-24,2025,8,Ago,202508,Ago/25,T3,2025-T3,34,202534,2025-08-18,6,Domingo,True,5,True
2025-08-25,2025,8,Ago,202508,Ago/25,T3,2025-T3,35,202535,2025-08-25,0,Segunda,False,5,True
2025-08-26,2025,8,Ago,202508,Ago/25,T3,2025-T3,35,202535,2025-08-25,1,Terca,False,5,True
2025-08-27,2025,8,Ago,202508,Ago/25,T3,2025-T3,35,202535,2025-08-25,2,Quarta,False,5,True
2025-08-28,2025,8,Ago,202508,Ago/25,T3,2025-T3,35,202535,2025-08-25,3,Quinta,False,5,True
2025-08-29,2025,8,Ago,202508,Ago/25,T3,2025-T3,35,202535,2025-08-25,4,Sexta,False,5,True
2025-08-30,2025,8,Ago,202508,Ago/25,T3,2025-T3,35,202535,2025-08-25,5,Sabado,True,5,True
2025-08-31,2025,8,Ago,202508,Ago/25,T3,2025-T3,35,202535,2025-08-25,6,Domingo,True,5,True
2025-09-01,2025,9,Set,202509,Set/25,T3,2025-T3,36,202536,2025-09-01,0,Segunda,False,5,True
2025-09-02,2025,9,Set,202509,Set/25,T3,2025-T3,36,202536,2025-09-01,1,Terca,False,5,True
2025-09-03,2025,9,Set,202509,Set/25,T3,2025-T3,36,202536,2025-09-01,2,Quarta,False,5,True
2025-09-04,2025,9,Set,202509,Set/25,T3,2025-T3,36,202536,2025-09-01,3,Quinta,False,5,True
2025-09-05,2025,9,Set,202509,Set/25,T3,2025-T3,36,202536,2025-09-01,4,Sexta,False,5,True
2025-09-06,2025,9,Set,202509,Set/25,T3,2025-T3,36,202536,2025-09-01,5,Sabado,True,5,True
2025-09-07,2025,9,Set,202509,Set/25,T3,2025-T3,36,202536,2025-09-01,6,Domingo,True,5,True
2025-09-08,2025,9,Set,202509,Set/25,T3,2025-T3,37,202537,2025-09-08,0,Segunda,False,5,True
2025-09-09,2025,9,Set,202509,Set/25,T3,2025-T3,37,202537,2025-09-08,1,Terca,False,5,True
2025-09-10,2025,9,Set,202509,Set/25,T3,2025-T3,37,202537,2025-09-08,2,Quarta,False,5,True
2025-09-11,2025,9,Set,202509,Set/25,T3,2025-T3,37,202537,2025-09-08,3,Quinta,False,5,True
2025-09-12,2025,9,Set,202509,Set/25,T3,2025-T3,37,202537,2025-09-08,4,Sexta,False,5,True
2025-09-13,2025,9,Set,202509,Set/25,T3,2025-T3,37,202537,2025-09-08,5,Sabado,True,5,True
2025-09-14,2025,9,Set,202509,Set/25,T3,2025-T3,37,202537,2025-09-08,6,Domingo,True,5,True
2025-09-15,2025,9,Set,202509,Set/25,T3,2025-T3,38,202538,2025-09-15,0,Segunda,False,5,True
2025-09-16,2025,9,Set,202509,Set/25,T3,2025-T3,38,202538,2025-09-15,1,Terca,False,5,True
2025-09-17,2025,9,Set,202509,Set/25,T3,2025-T3,38,202538,2025-09-15,2,Quarta,False,5,True
2025-09-18,2025,9,Set,202509,Set/25,T3,2025-T3,38,202538,2025-09-15,3,Quinta,False,5,True
2025-09-19,2025,9,Set,202509,Set/25,T3,2025-T3,38,202538,2025-09-15,4,Sexta,False,5,True
2025-09-20,2025,9,Set,202509,Set/25,T3,2025-T3,38,202538,2025-09-15,5,Sabado,True,5,True
2025-09-21,2025,9,Set,202509,Set/25,T3,2025-T3,38,202538,2025-09-15,6,Domingo,True,5,True
2025-09-22,2025,9,Set,202509,Set/25,T3,2025-T3,39,202539,2025-09-22,0,Segunda,False,5,True
2025-09-23,2025,9,Set,202509,Set/25,T3,2025-T3,39,202539,2025-09-22,1,Terca,False,5,True
2025-09-24,2025,9,Set,202509,Set/25,T3,2025-T3,39,202539,2025-09-22,2,Quarta,False,5,True
2025-09-25,2025,9,Set,202509,Set/25,T3,2025-T3,39,202539,2025-09-22,3,Quinta,False,5,True
2025-09-26,2025,9,Set,202509,Set/25,T3,2025-T3,39,202539,2025-09-22,4,Sexta,False,5,True
2025-09-27,2025,9,Set,202509,Set/25,T3,2025-T3,39,202539,2025-09-22,5,Sabado,True,5,True
2025-09-28,2025,9,Set,202509,Set/25,T3,2025-T3,39,202539,2025-09-22,6,Domingo,True,5,True
2025-09-29,2025,9,Set,202509,Set/25,T3,2025-T3,40,202540,2025-09-29,0,Segunda,False,5,True
2025-09-30,2025,9,Set,202509,Set/25,T3,2025-T3,40,202540,2025-09-29,1,Terca,False,5,True
2025-10-01,2025,10,Out,202510,Out/25,T4,2025-T4,40,202540,2025-09-29,2,Quarta,False,5,True
2025-10-02,2025,10,Out,202510,Out/25,T4,2025-T4,40,202540,2025-09-29,3,Quinta,False,5,True
2025-10-03,2025,10,Out,202510,Out/25,T4,2025-T4,40,202540,2025-09-29,4,Sexta,False,5,True
2025-10-04,2025,10,Out,202510,Out/25,T4,2025-T4,40,202540,2025-09-29,5,Sabado,True,5,True
2025-10-05,2025,10,Out,202510,Out/25,T4,2025-T4,40,202540,2025-09-29,6,Domingo,True,5,True
2025-10-06,2025,10,Out,202510,Out/25,T4,2025-T4,41,202541,2025-10-06,0,Segunda,False,5,True
2025-10-07,2025,10,Out,202510,Out/25,T4,2025-T4,41,202541,2025-10-06,1,Terca,False,5,True
2025-10-08,2025,10,Out,202510,Out/25,T4,2025-T4,41,202541,2025-10-06,2,Quarta,False,5,True
2025-10-09,2025,10,Out,202510,Out/25,T4,2025-T4,41,202541,2025-10-06,3,Quinta,False,5,True
2025-10-10,2025,10,Out,202510,Out/25,T4,2025-T4,41,202541,2025-10-06,4,Sexta,False,5,True
2025-10-11,2025,10,Out,202510,Out/25,T4,2025-T4,41,202541,2025-10-06,5,Sabado,True,5,True
2025-10-12,2025,10,Out,202510,Out/25,T4,2025-T4,41,202541,2025-10-06,6,Domingo,True,5,True
2025-10-13,2025,10,Out,202510,Out/25,T4,2025-T4,42,202542,2025-10-13,0,Segunda,False,5,True
2025-10-14,2025,10,Out,202510,Out/25,T4,2025-T4,42,202542,2025-10-13,1,Terca,False,5,True
2025-10-15,2025,10,Out,202510,Out/25,T4,2025-T4,42,202542,2025-10-13,2,Quarta,False,5,True
2025-10-16,2025,10,Out,202510,Out/25,T4,2025-T4,42,202542,2025-10-13,3,Quinta,False,5,True
2025-10-17,2025,10,Out,202510,Out/25,T4,2025-T4,42,202542,2025-10-13,4,Sexta,False,5,True
2025-10-18,2025,10,Out,202510,Out/25,T4,2025-T4,42,202542,2025-10-13,5,Sabado,True,5,True
2025-10-19,2025,10,Out,202510,Out/25,T4,2025-T4,42,202542,2025-10-13,6,Domingo,True,5,True
2025-10-20,2025,10,Out,202510,Out/25,T4,2025-T4,43,202543,2025-10-20,0,Segunda,False,5,True
2025-10-21,2025,10,Out,202510,Out/25,T4,2025-T4,43,202543,2025-10-20,1,Terca,False,5,True
2025-10-22,2025,10,Out,202510,Out/25,T4,2025-T4,43,202543,2025-10-20,2,Quarta,False,5,True
2025-10-23,2025,10,Out,202510,Out/25,T4,2025-T4,43,202543,2025-10-20,3,Quinta,False,5,True
2025-10-24,2025,10,Out,202510,Out/25,T4,2025-T4,43,202543,2025-10-20,4,Sexta,False,5,True
2025-10-25,2025,10,Out,202510,Out/25,T4,2025-T4,43,202543,2025-10-20,5,Sabado,True,5,True
2025-10-26,2025,10,Out,202510,Out/25,T4,2025-T4,43,202543,2025-10-20,6,Domingo,True,5,True
2025-10-27,2025,10,Out,202510,Out/25,T4,2025-T4,44,202544,2025-10-27,0,Segunda,False,5,True
2025-10-28,2025,10,Out,202510,Out/25,T4,2025-T4,44,202544,2025-10-27,1,Terca,False,5,True
2025-10-29,2025,10,Out,202510,Out/25,T4,2025-T4,44,202544,2025-10-27,2,Quarta,False,5,True
2025-10-30,2025,10,Out,202510,Out/25,T4,2025-T4,44,202544,2025-10-27,3,Quinta,False,5,True
2025-10-31,2025,10,Out,202510,Out/25,T4,2025-T4,44,202544,2025-10-27,4,Sexta,False,5,True
2025-11-01,2025,11,Nov,202511,Nov/25,T4,2025-T4,44,202544,2025-10-27,5,Sabado,True,5,True
2025-11-02,2025,11,Nov,202511,Nov/25,T4,2025-T4,44,202544,2025-10-27,6,Domingo,True,5,True
2025-11-03,2025,11,Nov,202511,Nov/25,T4,2025-T4,45,202545,2025-11-03,0,Segunda,False,5,True
2025-11-04,2025,11,Nov,202511,Nov/25,T4,2025-T4,45,202545,2025-11-03,1,Terca,False,5,True
2025-11-05,2025,11,Nov,202511,Nov/25,T4,2025-T4,45,202545,2025-11-03,2,Quarta,False,5,True
2025-11-06,2025,11,Nov,202511,Nov/25,T4,2025-T4,45,202545,2025-11-03,3,Quinta,False,5,True
2025-11-07,2025,11,Nov,202511,Nov/25,T4,2025-T4,45,202545,2025-11-03,4,Sexta,False,5,True
2025-11-08,2025,11,Nov,202511,Nov/25,T4,2025-T4,45,202545,2025-11-03,5,Sabado,True,5,True
2025-11-09,2025,11,Nov,202511,Nov/25,T4,2025-T4,45,202545,2025-11-03,6,Domingo,True,5,True
2025-11-10,2025,11,Nov,202511,Nov/25,T4,2025-T4,46,202546,2025-11-10,0,Segunda,False,5,True
2025-11-11,2025,11,Nov,202511,Nov/25,T4,2025-T4,46,202546,2025-11-10,1,Terca,False,5,True
2025-11-12,2025,11,Nov,202511,Nov/25,T4,2025-T4,46,202546,2025-11-10,2,Quarta,False,5,True
2025-11-13,2025,11,Nov,202511,Nov/25,T4,2025-T4,46,202546,2025-11-10,3,Quinta,False,5,True
2025-11-14,2025,11,Nov,202511,Nov/25,T4,2025-T4,46,202546,2025-11-10,4,Sexta,False,5,True
2025-11-15,2025,11,Nov,202511,Nov/25,T4,2025-T4,46,202546,2025-11-10,5,Sabado,True,5,True
2025-11-16,2025,11,Nov,202511,Nov/25,T4,2025-T4,46,202546,2025-11-10,6,Domingo,True,5,True
2025-11-17,2025,11,Nov,202511,Nov/25,T4,2025-T4,47,202547,2025-11-17,0,Segunda,False,5,True
2025-11-18,2025,11,Nov,202511,Nov/25,T4,2025-T4,47,202547,2025-11-17,1,Terca,False,5,True
2025-11-19,2025,11,Nov,202511,Nov/25,T4,2025-T4,47,202547,2025-11-17,2,Quarta,False,5,True
2025-11-20,2025,11,Nov,202511,Nov/25,T4,2025-T4,47,202547,2025-11-17,3,Quinta,False,5,True
2025-11-21,2025,11,Nov,202511,Nov/25,T4,2025-T4,47,202547,2025-11-17,4,Sexta,False,5,True
2025-11-22,2025,11,Nov,202511,Nov/25,T4,2025-T4,47,202547,2025-11-17,5,Sabado,True,5,True
2025-11-23,2025,11,Nov,202511,Nov/25,T4,2025-T4,47,202547,2025-11-17,6,Domingo,True,5,True
2025-11-24,2025,11,Nov,202511,Nov/25,T4,2025-T4,48,202548,2025-11-24,0,Segunda,False,5,True
2025-11-25,2025,11,Nov,202511,Nov/25,T4,2025-T4,48,202548,2025-11-24,1,Terca,False,5,True
2025-11-26,2025,11,Nov,202511,Nov/25,T4,2025-T4,48,202548,2025-11-24,2,Quarta,False,5,True
2025-11-27,2025,11,Nov,202511,Nov/25,T4,2025-T4,48,202548,2025-11-24,3,Quinta,False,5,True
2025-11-28,2025,11,Nov,202511,Nov/25,T4,2025-T4,48,202548,2025-11-24,4,Sexta,False,5,True
2025-11-29,2025,11,Nov,202511,Nov/25,T4,2025-T4,48,202548,2025-11-24,5,Sabado,True,5,True
2025-11-30,2025,11,Nov,202511,Nov/25,T4,2025-T4,48,202548,2025-11-24,6,Domingo,True,5,True
2025-12-01,2025,12,Dez,202512,Dez/25,T4,2025-T4,49,202549,2025-12-01,0,Segunda,False,5,True
2025-12-02,2025,12,Dez,202512,Dez/25,T4,2025-T4,49,202549,2025-12-01,1,Terca,False,5,True
2025-12-03,2025,12,Dez,202512,Dez/25,T4,2025-T4,49,202549,2025-12-01,2,Quarta,False,5,True
2025-12-04,2025,12,Dez,202512,Dez/25,T4,2025-T4,49,202549,2025-12-01,3,Quinta,False,5,True
2025-12-05,2025,12,Dez,202512,Dez/25,T4,2025-T4,49,202549,2025-12-01,4,Sexta,False,5,True
2025-12-06,2025,12,Dez,202512,Dez/25,T4,2025-T4,49,202549,2025-12-01,5,Sabado,True,5,True
2025-12-07,2025,12,Dez,202512,Dez/25,T4,2025-T4,49,202549,2025-12-01,6,Domingo,True,5,True
2025-12-08,2025,12,Dez,202512,Dez/25,T4,2025-T4,50,202550,2025-12-08,0,Segunda,False,5,True
2025-12-09,2025,12,Dez,202512,Dez/25,T4,2025-T4,50,202550,2025-12-08,1,Terca,False,5,True
2025-12-10,2025,12,Dez,202512,Dez/25,T4,2025-T4,50,202550,2025-12-08,2,Quarta,False,5,True
2025-12-11,2025,12,Dez,202512,Dez/25,T4,2025-T4,50,202550,2025-12-08,3,Quinta,False,5,True
2025-12-12,2025,12,Dez,202512,Dez/25,T4,2025-T4,50,202550,2025-12-08,4,Sexta,False,5,True
2025-12-13,2025,12,Dez,202512,Dez/25,T4,2025-T4,50,202550,2025-12-08,5,Sabado,True,5,True
2025-12-14,2025,12,Dez,202512,Dez/25,T4,2025-T4,50,202550,2025-12-08,6,Domingo,True,5,True
2025-12-15,2025,12,Dez,202512,Dez/25,T4,2025-T4,51,202551,2025-12-15,0,Segunda,False,5,True
2025-12-16,2025,12,Dez,202512,Dez/25,T4,2025-T4,51,202551,2025-12-15,1,Terca,False,5,True
2025-12-17,2025,12,Dez,202512,Dez/25,T4,2025-T4,51,202551,2025-12-15,2,Quarta,False,5,True
2025-12-18,2025,12,Dez,202512,Dez/25,T4,2025-T4,51,202551,2025-12-15,3,Quinta,False,5,True
2025-12-19,2025,12,Dez,202512,Dez/25,T4,2025-T4,51,202551,2025-12-15,4,Sexta,False,5,True
2025-12-20,2025,12,Dez,202512,Dez/25,T4,2025-T4,51,202551,2025-12-15,5,Sabado,True,5,True
2025-12-21,2025,12,Dez,202512,Dez/25,T4,2025-T4,51,202551,2025-12-15,6,Domingo,True,5,True
2025-12-22,2025,12,Dez,202512,Dez/25,T4,2025-T4,52,202552,2025-12-22,0,Segunda,False,5,True
2025-12-23,2025,12,Dez,202512,Dez/25,T4,2025-T4,52,202552,2025-12-22,1,Terca,False,5,True
2025-12-24,2025,12,Dez,202512,Dez/25,T4,2025-T4,52,202552,2025-12-22,2,Quarta,False,5,True
2025-12-25,2025,12,Dez,202512,Dez/25,T4,2025-T4,52,202552,2025-12-22,3,Quinta,False,5,True
2025-12-26,2025,12,Dez,202512,Dez/25,T4,2025-T4,52,202552,2025-12-22,4,Sexta,False,5,True
2025-12-27,2025,12,Dez,202512,Dez/25,T4,2025-T4,52,202552,2025-12-22,5,Sabado,True,5,True
2025-12-28,2025,12,Dez,202512,Dez/25,T4,2025-T4,52,202552,2025-12-22,6,Domingo,True,5,True
2025-12-29,2025,12,Dez,202512,Dez/25,T4,2025-T4,1,202601,2025-12-29,0,Segunda,False,5,True
2025-12-30,2025,12,Dez,202512,Dez/25,T4,2025-T4,1,202601,2025-12-29,1,Terca,False,5,True
2025-12-31,2025,12,Dez,202512,Dez/25,T4,2025-T4,1,202601,2025-12-29,2,Quarta,False,5,True
2026-01-01,2026,1,Jan,202601,Jan/26,T1,2026-T1,1,202601,2025-12-29,3,Quinta,False,5,True
2026-01-02,2026,1,Jan,202601,Jan/26,T1,2026-T1,1,202601,2025-12-29,4,Sexta,False,5,True
2026-01-03,2026,1,Jan,202601,Jan/26,T1,2026-T1,1,202601,2025-12-29,5,Sabado,True,5,True
2026-01-04,2026,1,Jan,202601,Jan/26,T1,2026-T1,1,202601,2025-12-29,6,Domingo,True,5,True
2026-01-05,2026,1,Jan,202601,Jan/26,T1,2026-T1,2,202602,2026-01-05,0,Segunda,False,5,True
2026-01-06,2026,1,Jan,202601,Jan/26,T1,2026-T1,2,202602,2026-01-05,1,Terca,False,5,True
2026-01-07,2026,1,Jan,202601,Jan/26,T1,2026-T1,2,202602,2026-01-05,2,Quarta,False,5,True
2026-01-08,2026,1,Jan,202601,Jan/26,T1,2026-T1,2,202602,2026-01-05,3,Quinta,False,5,True
2026-01-09,2026,1,Jan,202601,Jan/26,T1,2026-T1,2,202602,2026-01-05,4,Sexta,False,5,True
2026-01-10,2026,1,Jan,202601,Jan/26,T1,2026-T1,2,202602,2026-01-05,5,Sabado,True,5,True
2026-01-11,2026,1,Jan,202601,Jan/26,T1,2026-T1,2,202602,2026-01-05,6,Domingo,True,5,True
2026-01-12,2026,1,Jan,202601,Jan/26,T1,2026-T1,3,202603,2026-01-12,0,Segunda,False,5,True
2026-01-13,2026,1,Jan,202601,Jan/26,T1,2026-T1,3,202603,2026-01-12,1,Terca,False,5,True
2026-01-14,2026,1,Jan,202601,Jan/26,T1,2026-T1,3,202603,2026-01-12,2,Quarta,False,5,True
2026-01-15,2026,1,Jan,202601,Jan/26,T1,2026-T1,3,202603,2026-01-12,3,Quinta,False,5,True
2026-01-16,2026,1,Jan,202601,Jan/26,T1,2026-T1,3,202603,2026-01-12,4,Sexta,False,5,True
2026-01-17,2026,1,Jan,202601,Jan/26,T1,2026-T1,3,202603,2026-01-12,5,Sabado,True,5,True
2026-01-18,2026,1,Jan,202601,Jan/26,T1,2026-T1,3,202603,2026-01-12,6,Domingo,True,5,True
2026-01-19,2026,1,Jan,202601,Jan/26,T1,2026-T1,4,202604,2026-01-19,0,Segunda,False,5,True
2026-01-20,2026,1,Jan,202601,Jan/26,T1,2026-T1,4,202604,2026-01-19,1,Terca,False,5,True
2026-01-21,2026,1,Jan,202601,Jan/26,T1,2026-T1,4,202604,2026-01-19,2,Quarta,False,5,True
2026-01-22,2026,1,Jan,202601,Jan/26,T1,2026-T1,4,202604,2026-01-19,3,Quinta,False,5,True
2026-01-23,2026,1,Jan,202601,Jan/26,T1,2026-T1,4,202604,2026-01-19,4,Sexta,False,5,True
2026-01-24,2026,1,Jan,202601,Jan/26,T1,2026-T1,4,202604,2026-01-19,5,Sabado,True,5,True
2026-01-25,2026,1,Jan,202601,Jan/26,T1,2026-T1,4,202604,2026-01-19,6,Domingo,True,5,True
2026-01-26,2026,1,Jan,202601,Jan/26,T1,2026-T1,5,202605,2026-01-26,0,Segunda,False,5,True
2026-01-27,2026,1,Jan,202601,Jan/26,T1,2026-T1,5,202605,2026-01-26,1,Terca,False,5,True
2026-01-28,2026,1,Jan,202601,Jan/26,T1,2026-T1,5,202605,2026-01-26,2,Quarta,False,5,True
2026-01-29,2026,1,Jan,202601,Jan/26,T1,2026-T1,5,202605,2026-01-26,3,Quinta,False,5,True
2026-01-30,2026,1,Jan,202601,Jan/26,T1,2026-T1,5,202605,2026-01-26,4,Sexta,False,5,True
2026-01-31,2026,1,Jan,202601,Jan/26,T1,2026-T1,5,202605,2026-01-26,5,Sabado,True,5,True
2026-02-01,2026,2,Fev,202602,Fev/26,T1,2026-T1,5,202605,2026-01-26,6,Domingo,True,5,True
2026-02-02,2026,2,Fev,202602,Fev/26,T1,2026-T1,6,202606,2026-02-02,0,Segunda,False,5,True
2026-02-03,2026,2,Fev,202602,Fev/26,T1,2026-T1,6,202606,2026-02-02,1,Terca,False,5,True
2026-02-04,2026,2,Fev,202602,Fev/26,T1,2026-T1,6,202606,2026-02-02,2,Quarta,False,5,True
2026-02-05,2026,2,Fev,202602,Fev/26,T1,2026-T1,6,202606,2026-02-02,3,Quinta,False,5,True
2026-02-06,2026,2,Fev,202602,Fev/26,T1,2026-T1,6,202606,2026-02-02,4,Sexta,False,5,True
2026-02-07,2026,2,Fev,202602,Fev/26,T1,2026-T1,6,202606,2026-02-02,5,Sabado,True,5,True
2026-02-08,2026,2,Fev,202602,Fev/26,T1,2026-T1,6,202606,2026-02-02,6,Domingo,True,5,True
2026-02-09,2026,2,Fev,202602,Fev/26,T1,2026-T1,7,202607,2026-02-09,0,Segunda,False,5,True
2026-02-10,2026,2,Fev,202602,Fev/26,T1,2026-T1,7,202607,2026-02-09,1,Terca,False,5,True
2026-02-11,2026,2,Fev,202602,Fev/26,T1,2026-T1,7,202607,2026-02-09,2,Quarta,False,5,True
2026-02-12,2026,2,Fev,202602,Fev/26,T1,2026-T1,7,202607,2026-02-09,3,Quinta,False,5,True
2026-02-13,2026,2,Fev,202602,Fev/26,T1,2026-T1,7,202607,2026-02-09,4,Sexta,False,5,True
2026-02-14,2026,2,Fev,202602,Fev/26,T1,2026-T1,7,202607,2026-02-09,5,Sabado,True,5,True
2026-02-15,2026,2,Fev,202602,Fev/26,T1,2026-T1,7,202607,2026-02-09,6,Domingo,True,5,True
2026-02-16,2026,2,Fev,202602,Fev/26,T1,2026-T1,8,202608,2026-02-16,0,Segunda,False,5,True
2026-02-17,2026,2,Fev,202602,Fev/26,T1,2026-T1,8,202608,2026-02-16,1,Terca,False,5,True
2026-02-18,2026,2,Fev,202602,Fev/26,T1,2026-T1,8,202608,2026-02-16,2,Quarta,False,5,True
2026-02-19,2026,2,Fev,202602,Fev/26,T1,2026-T1,8,202608,2026-02-16,3,Quinta,False,5,True
2026-02-20,2026,2,Fev,202602,Fev/26,T1,2026-T1,8,202608,2026-02-16,4,Sexta,False,5,True
2026-02-21,2026,2,Fev,202602,Fev/26,T1,2026-T1,8,202608,2026-02-16,5,Sabado,True,5,True
2026-02-22,2026,2,Fev,202602,Fev/26,T1,2026-T1,8,202608,2026-02-16,6,Domingo,True,5,True
2026-02-23,2026,2,Fev,202602,Fev/26,T1,2026-T1,9,202609,2026-02-23,0,Segunda,False,5,True
2026-02-24,2026,2,Fev,202602,Fev/26,T1,2026-T1,9,202609,2026-02-23,1,Terca,False,5,True
2026-02-25,2026,2,Fev,202602,Fev/26,T1,2026-T1,9,202609,2026-02-23,2,Quarta,False,5,True
2026-02-26,2026,2,Fev,202602,Fev/26,T1,2026-T1,9,202609,2026-02-23,3,Quinta,False,5,True
2026-02-27,2026,2,Fev,202602,Fev/26,T1,2026-T1,9,202609,2026-02-23,4,Sexta,False,5,True
2026-02-28,2026,2,Fev,202602,Fev/26,T1,2026-T1,9,202609,2026-02-23,5,Sabado,True,5,True
2026-03-01,2026,3,Mar,202603,Mar/26,T1,2026-T1,9,202609,2026-02-23,6,Domingo,True,5,True
2026-03-02,2026,3,Mar,202603,Mar/26,T1,2026-T1,10,202610,2026-03-02,0,Segunda,False,5,True
2026-03-03,2026,3,Mar,202603,Mar/26,T1,2026-T1,10,202610,2026-03-02,1,Terca,False,5,True
2026-03-04,2026,3,Mar,202603,Mar/26,T1,2026-T1,10,202610,2026-03-02,2,Quarta,False,5,True
2026-03-05,2026,3,Mar,202603,Mar/26,T1,2026-T1,10,202610,2026-03-02,3,Quinta,False,5,True
2026-03-06,2026,3,Mar,202603,Mar/26,T1,2026-T1,10,202610,2026-03-02,4,Sexta,False,5,True
2026-03-07,2026,3,Mar,202603,Mar/26,T1,2026-T1,10,202610,2026-03-02,5,Sabado,True,5,True
2026-03-08,2026,3,Mar,202603,Mar/26,T1,2026-T1,10,202610,2026-03-02,6,Domingo,True,5,True
2026-03-09,2026,3,Mar,202603,Mar/26,T1,2026-T1,11,202611,2026-03-09,0,Segunda,False,5,True
2026-03-10,2026,3,Mar,202603,Mar/26,T1,2026-T1,11,202611,2026-03-09,1,Terca,False,5,True
2026-03-11,2026,3,Mar,202603,Mar/26,T1,2026-T1,11,202611,2026-03-09,2,Quarta,False,5,True
2026-03-12,2026,3,Mar,202603,Mar/26,T1,2026-T1,11,202611,2026-03-09,3,Quinta,False,5,True
2026-03-13,2026,3,Mar,202603,Mar/26,T1,2026-T1,11,202611,2026-03-09,4,Sexta,False,5,True
2026-03-14,2026,3,Mar,202603,Mar/26,T1,2026-T1,11,202611,2026-03-09,5,Sabado,True,5,True
2026-03-15,2026,3,Mar,202603,Mar/26,T1,2026-T1,11,202611,2026-03-09,6,Domingo,True,5,True
2026-03-16,2026,3,Mar,202603,Mar/26,T1,2026-T1,12,202612,2026-03-16,0,Segunda,False,5,True
2026-03-17,2026,3,Mar,202603,Mar/26,T1,2026-T1,12,202612,2026-03-16,1,Terca,False,5,True
2026-03-18,2026,3,Mar,202603,Mar/26,T1,2026-T1,12,202612,2026-03-16,2,Quarta,False,5,True
2026-03-19,2026,3,Mar,202603,Mar/26,T1,2026-T1,12,202612,2026-03-16,3,Quinta,False,5,True
2026-03-20,2026,3,Mar,202603,Mar/26,T1,2026-T1,12,202612,2026-03-16,4,Sexta,False,5,True
2026-03-21,2026,3,Mar,202603,Mar/26,T1,2026-T1,12,202612,2026-03-16,5,Sabado,True,5,True
2026-03-22,2026,3,Mar,202603,Mar/26,T1,2026-T1,12,202612,2026-03-16,6,Domingo,True,5,True
2026-03-23,2026,3,Mar,202603,Mar/26,T1,2026-T1,13,202613,2026-03-23,0,Segunda,False,5,True
2026-03-24,2026,3,Mar,202603,Mar/26,T1,2026-T1,13,202613,2026-03-23,1,Terca,False,5,True
2026-03-25,2026,3,Mar,202603,Mar/26,T1,2026-T1,13,202613,2026-03-23,2,Quarta,False,5,True
2026-03-26,2026,3,Mar,202603,Mar/26,T1,2026-T1,13,202613,2026-03-23,3,Quinta,False,5,True
2026-03-27,2026,3,Mar,202603,Mar/26,T1,2026-T1,13,202613,2026-03-23,4,Sexta,False,5,True
2026-03-28,2026,3,Mar,202603,Mar/26,T1,2026-T1,13,202613,2026-03-23,5,Sabado,True,5,True
2026-03-29,2026,3,Mar,202603,Mar/26,T1,2026-T1,13,202613,2026-03-23,6,Domingo,True,5,True
2026-03-30,2026,3,Mar,202603,Mar/26,T1,2026-T1,14,202614,2026-03-30,0,Segunda,False,5,True
2026-03-31,2026,3,Mar,202603,Mar/26,T1,2026-T1,14,202614,2026-03-30,1,Terca,False,5,True
2026-04-01,2026,4,Abr,202604,Abr/26,T2,2026-T2,14,202614,2026-03-30,2,Quarta,False,5,True
2026-04-02,2026,4,Abr,202604,Abr/26,T2,2026-T2,14,202614,2026-03-30,3,Quinta,False,5,True
2026-04-03,2026,4,Abr,202604,Abr/26,T2,2026-T2,14,202614,2026-03-30,4,Sexta,False,5,True
2026-04-04,2026,4,Abr,202604,Abr/26,T2,2026-T2,14,202614,2026-03-30,5,Sabado,True,5,True
2026-04-05,2026,4,Abr,202604,Abr/26,T2,2026-T2,14,202614,2026-03-30,6,Domingo,True,5,True
2026-04-06,2026,4,Abr,202604,Abr/26,T2,2026-T2,15,202615,2026-04-06,0,Segunda,False,5,True
2026-04-07,2026,4,Abr,202604,Abr/26,T2,2026-T2,15,202615,2026-04-06,1,Terca,False,5,True
2026-04-08,2026,4,Abr,202604,Abr/26,T2,2026-T2,15,202615,2026-04-06,2,Quarta,False,5,True
2026-04-09,2026,4,Abr,202604,Abr/26,T2,2026-T2,15,202615,2026-04-06,3,Quinta,False,5,True
2026-04-10,2026,4,Abr,202604,Abr/26,T2,2026-T2,15,202615,2026-04-06,4,Sexta,False,5,True
2026-04-11,2026,4,Abr,202604,Abr/26,T2,2026-T2,15,202615,2026-04-06,5,Sabado,True,5,True
2026-04-12,2026,4,Abr,202604,Abr/26,T2,2026-T2,15,202615,2026-04-06,6,Domingo,True,5,True
2026-04-13,2026,4,Abr,202604,Abr/26,T2,2026-T2,16,202616,2026-04-13,0,Segunda,False,5,True
2026-04-14,2026,4,Abr,202604,Abr/26,T2,2026-T2,16,202616,2026-04-13,1,Terca,False,5,True
2026-04-15,2026,4,Abr,202604,Abr/26,T2,2026-T2,16,202616,2026-04-13,2,Quarta,False,5,True
2026-04-16,2026,4,Abr,202604,Abr/26,T2,2026-T2,16,202616,2026-04-13,3,Quinta,False,5,True
2026-04-17,2026,4,Abr,202604,Abr/26,T2,2026-T2,16,202616,2026-04-13,4,Sexta,False,5,True
2026-04-18,2026,4,Abr,202604,Abr/26,T2,2026-T2,16,202616,2026-04-13,5,Sabado,True,5,True
2026-04-19,2026,4,Abr,202604,Abr/26,T2,2026-T2,16,202616,2026-04-13,6,Domingo,True,5,True
2026-04-20,2026,4,Abr,202604,Abr/26,T2,2026-T2,17,202617,2026-04-20,0,Segunda,False,5,True
2026-04-21,2026,4,Abr,202604,Abr/26,T2,2026-T2,17,202617,2026-04-20,1,Terca,False,5,True
2026-04-22,2026,4,Abr,202604,Abr/26,T2,2026-T2,17,202617,2026-04-20,2,Quarta,False,5,True
2026-04-23,2026,4,Abr,202604,Abr/26,T2,2026-T2,17,202617,2026-04-20,3,Quinta,False,5,True
2026-04-24,2026,4,Abr,202604,Abr/26,T2,2026-T2,17,202617,2026-04-20,4,Sexta,False,5,True
2026-04-25,2026,4,Abr,202604,Abr/26,T2,2026-T2,17,202617,2026-04-20,5,Sabado,True,5,True
2026-04-26,2026,4,Abr,202604,Abr/26,T2,2026-T2,17,202617,2026-04-20,6,Domingo,True,5,True
2026-04-27,2026,4,Abr,202604,Abr/26,T2,2026-T2,18,202618,2026-04-27,0,Segunda,False,5,True
2026-04-28,2026,4,Abr,202604,Abr/26,T2,2026-T2,18,202618,2026-04-27,1,Terca,False,5,True
2026-04-29,2026,4,Abr,202604,Abr/26,T2,2026-T2,18,202618,2026-04-27,2,Quarta,False,5,True
2026-04-30,2026,4,Abr,202604,Abr/26,T2,2026-T2,18,202618,2026-04-27,3,Quinta,False,5,True
2026-05-01,2026,5,Mai,202605,Mai/26,T2,2026-T2,18,202618,2026-04-27,4,Sexta,False,5,True
2026-05-02,2026,5,Mai,202605,Mai/26,T2,2026-T2,18,202618,2026-04-27,5,Sabado,True,5,True
2026-05-03,2026,5,Mai,202605,Mai/26,T2,2026-T2,18,202618,2026-04-27,6,Domingo,True,5,True
2026-05-04,2026,5,Mai,202605,Mai/26,T2,2026-T2,19,202619,2026-05-04,0,Segunda,False,5,True
2026-05-05,2026,5,Mai,202605,Mai/26,T2,2026-T2,19,202619,2026-05-04,1,Terca,False,5,True
2026-05-06,2026,5,Mai,202605,Mai/26,T2,2026-T2,19,202619,2026-05-04,2,Quarta,False,5,True
2026-05-07,2026,5,Mai,202605,Mai/26,T2,2026-T2,19,202619,2026-05-04,3,Quinta,False,5,True
2026-05-08,2026,5,Mai,202605,Mai/26,T2,2026-T2,19,202619,2026-05-04,4,Sexta,False,5,True
2026-05-09,2026,5,Mai,202605,Mai/26,T2,2026-T2,19,202619,2026-05-04,5,Sabado,True,5,True
2026-05-10,2026,5,Mai,202605,Mai/26,T2,2026-T2,19,202619,2026-05-04,6,Domingo,True,5,True
2026-05-11,2026,5,Mai,202605,Mai/26,T2,2026-T2,20,202620,2026-05-11,0,Segunda,False,5,True
2026-05-12,2026,5,Mai,202605,Mai/26,T2,2026-T2,20,202620,2026-05-11,1,Terca,False,5,True
2026-05-13,2026,5,Mai,202605,Mai/26,T2,2026-T2,20,202620,2026-05-11,2,Quarta,False,5,True
2026-05-14,2026,5,Mai,202605,Mai/26,T2,2026-T2,20,202620,2026-05-11,3,Quinta,False,5,True
2026-05-15,2026,5,Mai,202605,Mai/26,T2,2026-T2,20,202620,2026-05-11,4,Sexta,False,5,True
2026-05-16,2026,5,Mai,202605,Mai/26,T2,2026-T2,20,202620,2026-05-11,5,Sabado,True,5,True
2026-05-17,2026,5,Mai,202605,Mai/26,T2,2026-T2,20,202620,2026-05-11,6,Domingo,True,5,True
2026-05-18,2026,5,Mai,202605,Mai/26,T2,2026-T2,21,202621,2026-05-18,0,Segunda,False,5,True
2026-05-19,2026,5,Mai,202605,Mai/26,T2,2026-T2,21,202621,2026-05-18,1,Terca,False,5,True
2026-05-20,2026,5,Mai,202605,Mai/26,T2,2026-T2,21,202621,2026-05-18,2,Quarta,False,5,True
2026-05-21,2026,5,Mai,202605,Mai/26,T2,2026-T2,21,202621,2026-05-18,3,Quinta,False,5,True
2026-05-22,2026,5,Mai,202605,Mai/26,T2,2026-T2,21,202621,2026-05-18,4,Sexta,False,5,True
2026-05-23,2026,5,Mai,202605,Mai/26,T2,2026-T2,21,202621,2026-05-18,5,Sabado,True,5,True
2026-05-24,2026,5,Mai,202605,Mai/26,T2,2026-T2,21,202621,2026-05-18,6,Domingo,True,5,True
2026-05-25,2026,5,Mai,202605,Mai/26,T2,2026-T2,22,202622,2026-05-25,0,Segunda,False,5,True
2026-05-26,2026,5,Mai,202605,Mai/26,T2,2026-T2,22,202622,2026-05-25,1,Terca,False,5,True
2026-05-27,2026,5,Mai,202605,Mai/26,T2,2026-T2,22,202622,2026-05-25,2,Quarta,False,5,True
2026-05-28,2026,5,Mai,202605,Mai/26,T2,2026-T2,22,202622,2026-05-25,3,Quinta,False,5,True
2026-05-29,2026,5,Mai,202605,Mai/26,T2,2026-T2,22,202622,2026-05-25,4,Sexta,False,5,True
2026-05-30,2026,5,Mai,202605,Mai/26,T2,2026-T2,22,202622,2026-05-25,5,Sabado,True,5,True
2026-05-31,2026,5,Mai,202605,Mai/26,T2,2026-T2,22,202622,2026-05-25,6,Domingo,True,5,True
2026-06-01,2026,6,Jun,202606,Jun/26,T2,2026-T2,23,202623,2026-06-01,0,Segunda,False,5,True
2026-06-02,2026,6,Jun,202606,Jun/26,T2,2026-T2,23,202623,2026-06-01,1,Terca,False,5,True
2026-06-03,2026,6,Jun,202606,Jun/26,T2,2026-T2,23,202623,2026-06-01,2,Quarta,False,5,True
2026-06-04,2026,6,Jun,202606,Jun/26,T2,2026-T2,23,202623,2026-06-01,3,Quinta,False,5,True
2026-06-05,2026,6,Jun,202606,Jun/26,T2,2026-T2,23,202623,2026-06-01,4,Sexta,False,5,True
2026-06-06,2026,6,Jun,202606,Jun/26,T2,2026-T2,23,202623,2026-06-01,5,Sabado,True,5,True
2026-06-07,2026,6,Jun,202606,Jun/26,T2,2026-T2,23,202623,2026-06-01,6,Domingo,True,5,True
2026-06-08,2026,6,Jun,202606,Jun/26,T2,2026-T2,24,202624,2026-06-08,0,Segunda,False,5,True
2026-06-09,2026,6,Jun,202606,Jun/26,T2,2026-T2,24,202624,2026-06-08,1,Terca,False,5,True
2026-06-10,2026,6,Jun,202606,Jun/26,T2,2026-T2,24,202624,2026-06-08,2,Quarta,False,5,True
2026-06-11,2026,6,Jun,202606,Jun/26,T2,2026-T2,24,202624,2026-06-08,3,Quinta,False,5,True
2026-06-12,2026,6,Jun,202606,Jun/26,T2,2026-T2,24,202624,2026-06-08,4,Sexta,False,5,True
2026-06-13,2026,6,Jun,202606,Jun/26,T2,2026-T2,24,202624,2026-06-08,5,Sabado,True,5,True
2026-06-14,2026,6,Jun,202606,Jun/26,T2,2026-T2,24,202624,2026-06-08,6,Domingo,True,5,True
2026-06-15,2026,6,Jun,202606,Jun/26,T2,2026-T2,25,202625,2026-06-15,0,Segunda,False,5,True
2026-06-16,2026,6,Jun,202606,Jun/26,T2,2026-T2,25,202625,2026-06-15,1,Terca,False,5,True
2026-06-17,2026,6,Jun,202606,Jun/26,T2,2026-T2,25,202625,2026-06-15,2,Quarta,False,5,True
2026-06-18,2026,6,Jun,202606,Jun/26,T2,2026-T2,25,202625,2026-06-15,3,Quinta,False,5,True
2026-06-19,2026,6,Jun,202606,Jun/26,T2,2026-T2,25,202625,2026-06-15,4,Sexta,False,5,True
2026-06-20,2026,6,Jun,202606,Jun/26,T2,2026-T2,25,202625,2026-06-15,5,Sabado,True,5,True
2026-06-21,2026,6,Jun,202606,Jun/26,T2,2026-T2,25,202625,2026-06-15,6,Domingo,True,5,True
2026-06-22,2026,6,Jun,202606,Jun/26,T2,2026-T2,26,202626,2026-06-22,0,Segunda,False,5,True
2026-06-23,2026,6,Jun,202606,Jun/26,T2,2026-T2,26,202626,2026-06-22,1,Terca,False,5,True
2026-06-24,2026,6,Jun,202606,Jun/26,T2,2026-T2,26,202626,2026-06-22,2,Quarta,False,5,True
2026-06-25,2026,6,Jun,202606,Jun/26,T2,2026-T2,26,202626,2026-06-22,3,Quinta,False,5,True
2026-06-26,2026,6,Jun,202606,Jun/26,T2,2026-T2,26,202626,2026-06-22,4,Sexta,False,5,True
2026-06-27,2026,6,Jun,202606,Jun/26,T2,2026-T2,26,202626,2026-06-22,5,Sabado,True,5,True
2026-06-28,2026,6,Jun,202606,Jun/26,T2,2026-T2,26,202626,2026-06-22,6,Domingo,True,5,True
2026-06-29,2026,6,Jun,202606,Jun/26,T2,2026-T2,27,202627,2026-06-29,0,Segunda,False,5,True
2026-06-30,2026,6,Jun,202606,Jun/26,T2,2026-T2,27,202627,2026-06-29,1,Terca,False,5,True
2026-07-01,2026,7,Jul,202607,Jul/26,T3,2026-T3,27,202627,2026-06-29,2,Quarta,False,5,True
2026-07-02,2026,7,Jul,202607,Jul/26,T3,2026-T3,27,202627,2026-06-29,3,Quinta,False,5,True
2026-07-03,2026,7,Jul,202607,Jul/26,T3,2026-T3,27,202627,2026-06-29,4,Sexta,False,5,True
2026-07-04,2026,7,Jul,202607,Jul/26,T3,2026-T3,27,202627,2026-06-29,5,Sabado,True,5,True
2026-07-05,2026,7,Jul,202607,Jul/26,T3,2026-T3,27,202627,2026-06-29,6,Domingo,True,5,True
2026-07-06,2026,7,Jul,202607,Jul/26,T3,2026-T3,28,202628,2026-07-06,0,Segunda,False,5,True
2026-07-07,2026,7,Jul,202607,Jul/26,T3,2026-T3,28,202628,2026-07-06,1,Terca,False,5,True
2026-07-08,2026,7,Jul,202607,Jul/26,T3,2026-T3,28,202628,2026-07-06,2,Quarta,False,5,True
2026-07-09,2026,7,Jul,202607,Jul/26,T3,2026-T3,28,202628,2026-07-06,3,Quinta,False,5,True
2026-07-10,2026,7,Jul,202607,Jul/26,T3,2026-T3,28,202628,2026-07-06,4,Sexta,False,5,True
2026-07-11,2026,7,Jul,202607,Jul/26,T3,2026-T3,28,202628,2026-07-06,5,Sabado,True,5,True
2026-07-12,2026,7,Jul,202607,Jul/26,T3,2026-T3,28,202628,2026-07-06,6,Domingo,True,5,True
2026-07-13,2026,7,Jul,202607,Jul/26,T3,2026-T3,29,202629,2026-07-13,0,Segunda,False,5,True
2026-07-14,2026,7,Jul,202607,Jul/26,T3,2026-T3,29,202629,2026-07-13,1,Terca,False,5,True
2026-07-15,2026,7,Jul,202607,Jul/26,T3,2026-T3,29,202629,2026-07-13,2,Quarta,False,5,True
2026-07-16,2026,7,Jul,202607,Jul/26,T3,2026-T3,29,202629,2026-07-13,3,Quinta,False,5,True
2026-07-17,2026,7,Jul,202607,Jul/26,T3,2026-T3,29,202629,2026-07-13,4,Sexta,False,5,True
2026-07-18,2026,7,Jul,202607,Jul/26,T3,2026-T3,29,202629,2026-07-13,5,Sabado,True,5,True
2026-07-19,2026,7,Jul,202607,Jul/26,T3,2026-T3,29,202629,2026-07-13,6,Domingo,True,5,True
2026-07-20,2026,7,Jul,202607,Jul/26,T3,2026-T3,30,202630,2026-07-20,0,Segunda,False,5,True
2026-07-21,2026,7,Jul,202607,Jul/26,T3,2026-T3,30,202630,2026-07-20,1,Terca,False,5,True
2026-07-22,2026,7,Jul,202607,Jul/26,T3,2026-T3,30,202630,2026-07-20,2,Quarta,False,5,True
2026-07-23,2026,7,Jul,202607,Jul/26,T3,2026-T3,30,202630,2026-07-20,3,Quinta,False,5,True
2026-07-24,2026,7,Jul,202607,Jul/26,T3,2026-T3,30,202630,2026-07-20,4,Sexta,False,5,True
2026-07-25,2026,7,Jul,202607,Jul/26,T3,2026-T3,30,202630,2026-07-20,5,Sabado,True,5,True
2026-07-26,2026,7,Jul,202607,Jul/26,T3,2026-T3,30,202630,2026-07-20,6,Domingo,True,5,True
2026-07-27,2026,7,Jul,202607,Jul/26,T3,2026-T3,31,202631,2026-07-27,0,Segunda,False,5,True
2026-07-28,2026,7,Jul,202607,Jul/26,T3,2026-T3,31,202631,2026-07-27,1,Terca,False,5,True
2026-07-29,2026,7,Jul,202607,Jul/26,T3,2026-T3,31,202631,2026-07-27,2,Quarta,False,5,True
2026-07-30,2026,7,Jul,202607,Jul/26,T3,2026-T3,31,202631,2026-07-27,3,Quinta,False,5,True
2026-07-31,2026,7,Jul,202607,Jul/26,T3,2026-T3,31,202631,2026-07-27,4,Sexta,False,5,True
2026-08-01,2026,8,Ago,202608,Ago/26,T3,2026-T3,31,202631,2026-07-27,5,Sabado,True,5,True
2026-08-02,2026,8,Ago,202608,Ago/26,T3,2026-T3,31,202631,2026-07-27,6,Domingo,True,5,True
2026-08-03,2026,8,Ago,202608,Ago/26,T3,2026-T3,32,202632,2026-08-03,0,Segunda,False,5,True
2026-08-04,2026,8,Ago,202608,Ago/26,T3,2026-T3,32,202632,2026-08-03,1,Terca,False,5,True
2026-08-05,2026,8,Ago,202608,Ago/26,T3,2026-T3,32,202632,2026-08-03,2,Quarta,False,5,True
2026-08-06,2026,8,Ago,202608,Ago/26,T3,2026-T3,32,202632,2026-08-03,3,Quinta,False,5,True
2026-08-07,2026,8,Ago,202608,Ago/26,T3,2026-T3,32,202632,2026-08-03,4,Sexta,False,5,True
2026-08-08,2026,8,Ago,202608,Ago/26,T3,2026-T3,32,202632,2026-08-03,5,Sabado,True,5,True
2026-08-09,2026,8,Ago,202608,Ago/26,T3,2026-T3,32,202632,2026-08-03,6,Domingo,True,5,True
2026-08-10,2026,8,Ago,202608,Ago/26,T3,2026-T3,33,202633,2026-08-10,0,Segunda,False,5,True
2026-08-11,2026,8,Ago,202608,Ago/26,T3,2026-T3,33,202633,2026-08-10,1,Terca,False,5,True
2026-08-12,2026,8,Ago,202608,Ago/26,T3,2026-T3,33,202633,2026-08-10,2,Quarta,False,5,True
2026-08-13,2026,8,Ago,202608,Ago/26,T3,2026-T3,33,202633,2026-08-10,3,Quinta,False,5,True
2026-08-14,2026,8,Ago,202608,Ago/26,T3,2026-T3,33,202633,2026-08-10,4,Sexta,False,5,True
2026-08-15,2026,8,Ago,202608,Ago/26,T3,2026-T3,33,202633,2026-08-10,5,Sabado,True,5,True
2026-08-16,2026,8,Ago,202608,Ago/26,T3,2026-T3,33,202633,2026-08-10,6,Domingo,True,5,True
2026-08-17,2026,8,Ago,202608,Ago/26,T3,2026-T3,34,202634,2026-08-17,0,Segunda,False,5,True
2026-08-18,2026,8,Ago,202608,Ago/26,T3,2026-T3,34,202634,2026-08-17,1,Terca,False,5,True
2026-08-19,2026,8,Ago,202608,Ago/26,T3,2026-T3,34,202634,2026-08-17,2,Quarta,False,5,True
2026-08-20,2026,8,Ago,202608,Ago/26,T3,2026-T3,34,202634,2026-08-17,3,Quinta,False,5,True
2026-08-21,2026,8,Ago,202608,Ago/26,T3,2026-T3,34,202634,2026-08-17,4,Sexta,False,5,True
2026-08-22,2026,8,Ago,202608,Ago/26,T3,2026-T3,34,202634,2026-08-17,5,Sabado,True,5,True
2026-08-23,2026,8,Ago,202608,Ago/26,T3,2026-T3,34,202634,2026-08-17,6,Domingo,True,5,True
2026-08-24,2026,8,Ago,202608,Ago/26,T3,2026-T3,35,202635,2026-08-24,0,Segunda,False,5,True
2026-08-25,2026,8,Ago,202608,Ago/26,T3,2026-T3,35,202635,2026-08-24,1,Terca,False,5,True
2026-08-26,2026,8,Ago,202608,Ago/26,T3,2026-T3,35,202635,2026-08-24,2,Quarta,False,5,True
2026-08-27,2026,8,Ago,202608,Ago/26,T3,2026-T3,35,202635,2026-08-24,3,Quinta,False,5,True
2026-08-28,2026,8,Ago,202608,Ago/26,T3,2026-T3,35,202635,2026-08-24,4,Sexta,False,5,True
2026-08-29,2026,8,Ago,202608,Ago/26,T3,2026-T3,35,202635,2026-08-24,5,Sabado,True,5,True
2026-08-30,2026,8,Ago,202608,Ago/26,T3,2026-T3,35,202635,2026-08-24,6,Domingo,True,5,True
2026-08-31,2026,8,Ago,202608,Ago/26,T3,2026-T3,36,202636,2026-08-31,0,Segunda,False,1,False
2026-09-01,2026,9,Set,202609,Set/26,T3,2026-T3,36,202636,2026-08-31,1,Terca,False,1,False
2026-09-02,2026,9,Set,202609,Set/26,T3,2026-T3,36,202636,2026-08-31,2,Quarta,False,1,False
2026-09-03,2026,9,Set,202609,Set/26,T3,2026-T3,36,202636,2026-08-31,3,Quinta,False,1,False
2026-09-04,2026,9,Set,202609,Set/26,T3,2026-T3,36,202636,2026-08-31,4,Sexta,False,1,False
2026-09-05,2026,9,Set,202609,Set/26,T3,2026-T3,36,202636,2026-08-31,5,Sabado,True,1,False
2026-09-06,2026,9,Set,202609,Set/26,T3,2026-T3,36,202636,2026-08-31,6,Domingo,True,1,False
